prev_body_ratio,prev_upper_wick_ratio,prev_lower_wick_ratio,prev_wick_to_body_ratio,prev_is_bullish,curr_body_ratio,curr_upper_wick_ratio,curr_lower_wick_ratio,curr_wick_to_body_ratio,curr_is_bullish,label
0.1613,0.2742,0.5645,5.2,1,0.0952,0.8016,0.1032,9.5,1,Doji
0.6316,0.0263,0.3421,0.5833,1,0.0909,0.1818,0.7273,10.0,1,Doji
0.9677,0.0161,0.0161,0.0333,0,0.1134,0.5258,0.3608,7.8182,0,Doji
0.9651,0.0233,0.0116,0.0361,0,0.0461,0.4408,0.5132,20.7143,1,Doji
0.973,0.0135,0.0135,0.0278,0,0.0411,0.4521,0.5068,23.3333,0,Doji
0.9697,0.0152,0.0152,0.0312,0,0.0119,0.4286,0.5595,83.0,0,Doji
0.8462,0.0769,0.0769,0.1818,0,0.1143,0.3571,0.5286,7.75,0,Doji
0.9565,0.0217,0.0217,0.0455,0,0.0315,0.5984,0.3701,30.75,1,Doji
0.9643,0.0179,0.0179,0.037,0,0.0891,0.4059,0.505,10.2222,0,Doji
0.9375,0.0,0.0625,0.0667,1,0.0286,0.4381,0.5333,34.0,1,Doji
0.9429,0.0286,0.0286,0.0606,0,0.1014,0.2464,0.6522,8.8571,0,Doji
0.8182,0.0909,0.0909,0.2222,0,0.0391,0.2578,0.7031,24.6,1,Doji
0.06,0.71,0.23,15.6667,1,0.093,0.1163,0.7907,9.75,1,Doji
0.764,0.0112,0.2247,0.3088,1,0.0615,0.3846,0.5538,15.25,1,Doji
0.973,0.0,0.027,0.0278,0,0.0333,0.3333,0.6333,29.0,0,Doji
0.9577,0.0282,0.0141,0.0441,0,0.0455,0.6932,0.2614,21.0,1,Doji
0.3696,0.0,0.6304,1.7059,1,0.1045,0.2239,0.6716,8.5714,1,Doji
0.5474,0.0947,0.3579,0.8269,1,0.0612,0.5918,0.3469,15.3333,0,Doji
0.991,0.0,0.009,0.0091,0,0.0714,0.4167,0.5119,13.0,0,Doji
0.1837,0.0816,0.7347,4.4444,1,0.0364,0.5091,0.4545,26.5,1,Doji
0.9714,0.0143,0.0143,0.0294,0,0.0896,0.3134,0.597,10.1667,0,Doji
0.6364,0.0519,0.3117,0.5714,1,0.0541,0.8514,0.0946,17.5,0,Doji
0.8333,0.0833,0.0833,0.2,0,0.0377,0.3019,0.6604,25.5,0,Doji
0.9516,0.0269,0.0215,0.0508,1,0.0989,0.5934,0.3077,9.1111,1,Doji
0.0957,0.5745,0.3298,9.4444,1,0.0959,0.2466,0.6575,9.4286,1,Doji
0.84,0.1067,0.0533,0.1905,1,0.1,0.3429,0.5571,9.0,1,Doji
0.819,0.1619,0.019,0.2209,1,0.0991,0.0991,0.8018,9.0909,1,Doji
0.6667,0.1667,0.1667,0.5,0,0.0894,0.5447,0.3659,10.1818,1,Doji
0.9583,0.0139,0.0278,0.0435,0,0.0857,0.3571,0.5571,10.6667,1,Doji
0.7037,0.037,0.2593,0.4211,1,0.0625,0.6562,0.2812,15.0,1,Doji
0.9846,0.0,0.0154,0.0156,0,0.0283,0.1792,0.7925,34.3333,1,Doji
0.7,0.1615,0.1385,0.4286,1,0.04,0.6,0.36,24.0,1,Doji
0.9792,0.0104,0.0104,0.0213,0,0.0366,0.1585,0.8049,26.3333,1,Doji
0.1402,0.7103,0.1495,6.1333,1,0.0494,0.7037,0.2469,19.25,1,Doji
0.126,0.4016,0.4724,6.9375,1,0.1111,0.358,0.5309,8.0,0,Doji
0.4706,0.4588,0.0706,1.125,1,0.0216,0.4892,0.4892,45.3333,1,Doji
0.2647,0.5098,0.2255,2.7778,1,0.0246,0.0492,0.9262,39.6667,1,Doji
0.8434,0.1566,0.0,0.1857,1,0.0986,0.3662,0.5352,9.1429,0,Doji
0.8182,0.1455,0.0364,0.2222,1,0.0556,0.8056,0.1389,17.0,1,Doji
0.9784,0.0144,0.0072,0.0221,0,0.1081,0.2342,0.6577,8.25,1,Doji
0.9487,0.0256,0.0256,0.0541,0,0.0495,0.4158,0.5347,19.2,1,Doji
0.95,0.025,0.025,0.0526,0,0.084,0.5042,0.4118,10.9,1,Doji
0.8889,0.0556,0.0556,0.125,0,0.0862,0.3966,0.5172,10.6,1,Doji
0.1739,0.5761,0.25,4.75,1,0.0566,0.1887,0.7547,16.6667,0,Doji
0.1125,0.5625,0.325,7.8889,1,0.0761,0.5761,0.3478,12.1429,0,Doji
0.2769,0.0154,0.7077,2.6111,1,0.087,0.4565,0.4565,10.5,1,Doji
0.9706,0.0196,0.0098,0.0303,0,0.0124,0.4783,0.5093,79.5,1,Doji
0.5603,0.0172,0.4224,0.7846,1,0.0494,0.358,0.5926,19.25,0,Doji
0.1615,0.5652,0.2733,5.1923,1,0.1069,0.7557,0.1374,8.3571,0,Doji
0.9706,0.0147,0.0147,0.0303,0,0.0247,0.7037,0.2716,39.5,0,Doji
0.9167,0.0417,0.0417,0.0909,0,0.0588,0.3155,0.6257,16.0,1,Doji
0.6942,0.2066,0.0992,0.4405,1,0.1111,0.463,0.4259,8.0,0,Doji
0.8571,0.0952,0.0476,0.1667,0,0.0182,0.7818,0.2,54.0,0,Doji
0.9302,0.0233,0.0465,0.075,0,0.0851,0.3191,0.5957,10.75,1,Doji
0.1441,0.1525,0.7034,5.9412,1,0.1042,0.6042,0.2917,8.6,0,Doji
0.4918,0.2787,0.2295,1.0333,1,0.0923,0.5077,0.4,9.8333,0,Doji
0.9722,0.0093,0.0185,0.0286,0,0.05,0.75,0.2,19.0,0,Doji
0.9286,0.0357,0.0357,0.0769,0,0.0395,0.6316,0.3289,24.3333,1,Doji
0.9565,0.0435,0.0,0.0455,1,0.0667,0.7778,0.1556,14.0,1,Doji
0.7778,0.1111,0.1111,0.2857,0,0.1023,0.2273,0.6705,8.7778,0,Doji
0.5238,0.3095,0.1667,0.9091,1,0.06,0.62,0.32,15.6667,0,Doji
0.8846,0.0769,0.0385,0.1304,0,0.0225,0.6404,0.3371,43.5,1,Doji
0.9423,0.0385,0.0192,0.0612,0,0.0769,0.1923,0.7308,12.0,0,Doji
0.3293,0.5,0.1707,2.037,1,0.1034,0.6379,0.2586,8.6667,0,Doji
0.7407,0.2593,0.0,0.35,1,0.0526,0.5263,0.4211,18.0,0,Doji
0.8743,0.1257,0.0,0.1437,1,0.0133,0.5867,0.4,74.0,0,Doji
0.5926,0.1605,0.2469,0.6875,1,0.0732,0.3008,0.626,12.6667,1,Doji
0.3171,0.4634,0.2195,2.1538,1,0.0556,0.6481,0.2963,17.0,0,Doji
0.8182,0.1212,0.0606,0.2222,1,0.082,0.3115,0.6066,11.2,1,Doji
0.8182,0.0909,0.0909,0.2222,0,0.0583,0.6167,0.325,16.1429,0,Doji
0.4859,0.162,0.3521,1.058,1,0.1023,0.1364,0.7614,8.7778,1,Doji
0.9904,0.0,0.0096,0.0097,0,0.05,0.3125,0.6375,19.0,1,Doji
0.6939,0.3061,0.0,0.4412,1,0.0185,0.4444,0.537,53.0,0,Doji
0.0588,0.3529,0.5882,16.0,1,0.0123,0.3457,0.642,80.0,0,Doji
0.5063,0.2152,0.2785,0.975,1,0.0612,0.2041,0.7347,15.3333,1,Doji
0.3261,0.2826,0.3913,2.0667,1,0.0732,0.1585,0.7683,12.6667,0,Doji
0.75,0.125,0.125,0.3333,0,0.0185,0.3333,0.6481,53.0,0,Doji
0.96,0.02,0.02,0.0417,0,0.1143,0.2286,0.6571,7.75,0,Doji
0.7273,0.1818,0.0909,0.375,0,0.0667,0.4667,0.4667,14.0,1,Doji
0.3196,0.1753,0.5052,2.129,1,0.0926,0.5185,0.3889,9.8,1,Doji
0.6336,0.3588,0.0076,0.5783,1,0.0556,0.6667,0.2778,17.0,1,Doji
0.6429,0.1071,0.25,0.5556,1,0.1098,0.5732,0.3171,8.1111,1,Doji
0.5,0.3333,0.1667,1.0,0,0.0465,0.1395,0.814,20.5,0,Doji
0.6268,0.1268,0.2465,0.5955,1,0.1026,0.3846,0.5128,8.75,1,Doji
0.6,0.2,0.2,0.6667,0,0.0267,0.5733,0.4,36.5,0,Doji
0.9457,0.0543,0.0,0.0575,1,0.05,0.625,0.325,19.0,1,Doji
0.8889,0.0556,0.0556,0.125,0,0.0357,0.0893,0.875,27.0,0,Doji
0.0263,0.3684,0.6053,37.0,1,0.0909,0.2909,0.6182,10.0,0,Doji
0.7037,0.0963,0.2,0.4211,1,0.0824,0.4353,0.4824,11.1429,0,Doji
0.9832,0.0084,0.0084,0.0171,0,0.1077,0.2462,0.6462,8.2857,0,Doji
0.7895,0.2105,0.0,0.2667,1,0.0357,0.3214,0.6429,27.0,0,Doji
0.45,0.2071,0.3429,1.2222,1,0.1016,0.6562,0.2422,8.8462,0,Doji
0.1933,0.084,0.7227,4.1739,1,0.044,0.3956,0.5604,21.75,0,Doji
0.5,0.4364,0.0636,1.0,1,0.066,0.4434,0.4906,14.1429,0,Doji
0.5487,0.2566,0.1947,0.8226,1,0.0986,0.2817,0.6197,9.1429,1,Doji
0.7232,0.2679,0.0089,0.3827,1,0.0259,0.8017,0.1724,37.6667,0,Doji
0.9714,0.0143,0.0143,0.0294,0,0.1,0.0625,0.8375,9.0,1,Doji
0.4796,0.0714,0.449,1.0851,1,0.1,0.6,0.3,9.0,0,Doji
0.6667,0.1667,0.1667,0.5,0,0.0769,0.1154,0.8077,12.0,0,Doji
0.1359,0.5534,0.3107,6.3571,1,0.0909,0.303,0.6061,10.0,1,Doji
0.9903,0.0,0.0097,0.0098,0,0.0571,0.8286,0.1143,16.5,1,Doji
0.9535,0.0233,0.0233,0.0488,0,0.0323,0.5,0.4677,30.0,0,Doji
0.9512,0.0244,0.0244,0.0513,0,0.1231,0.2462,0.6308,7.125,1,Doji
0.8571,0.0714,0.0714,0.1667,0,0.0909,0.6364,0.2727,10.0,1,Doji
0.9744,0.0085,0.0171,0.0263,0,0.0208,0.75,0.2292,47.0,0,Doji
0.5,0.425,0.075,1.0,1,0.1111,0.4,0.4889,8.0,0,Doji
0.7273,0.1818,0.0909,0.375,0,0.0824,0.1412,0.7765,11.1429,1,Doji
0.5,0.2917,0.2083,1.0,1,0.0875,0.225,0.6875,10.4286,1,Doji
0.9733,0.0133,0.0133,0.0274,0,0.0825,0.2474,0.6701,11.125,0,Doji
0.9778,0.0111,0.0111,0.0227,0,0.0485,0.3689,0.5825,19.6,0,Doji
0.4412,0.3529,0.2059,1.2667,1,0.036,0.1802,0.7838,26.75,1,Doji
0.6061,0.1364,0.2576,0.65,1,0.0926,0.0185,0.8889,9.8,0,Doji
0.4143,0.1143,0.4714,1.4138,1,0.0625,0.5,0.4375,15.0,0,Doji
0.7901,0.1605,0.0494,0.2656,1,0.0513,0.0256,0.9231,18.5,1,Doji
0.7222,0.0556,0.2222,0.3846,1,0.0417,0.1875,0.7708,23.0,1,Doji
0.1149,0.8391,0.046,7.7,1,0.1053,0.5368,0.3579,8.5,0,Doji
0.9759,0.012,0.012,0.0247,0,0.1024,0.6614,0.2362,8.7692,1,Doji
0.8608,0.0633,0.0759,0.1618,1,0.0462,0.4769,0.4769,20.6667,1,Doji
0.4138,0.3678,0.2184,1.4167,1,0.0769,0.7949,0.1282,12.0,0,Doji
0.1667,0.3452,0.4881,5.0,1,0.0641,0.1923,0.7436,14.6,1,Doji
0.9574,0.0213,0.0213,0.0444,0,0.0217,0.8406,0.1377,45.0,0,Doji
0.5484,0.0161,0.4355,0.8235,1,0.0714,0.6429,0.2857,13.0,0,Doji
0.95,0.025,0.025,0.0526,0,0.0222,0.4222,0.5556,44.0,1,Doji
0.9785,0.0108,0.0108,0.022,0,0.0429,0.7643,0.1929,22.3333,1,Doji
0.6979,0.1354,0.1667,0.4328,1,0.0933,0.4,0.5067,9.7143,0,Doji
0.09,0.34,0.57,10.1111,1,0.0824,0.4059,0.5118,11.1429,1,Doji
0.9434,0.0377,0.0189,0.06,0,0.0549,0.5824,0.3626,17.2,0,Doji
0.6,0.2,0.2,0.6667,0,0.0759,0.443,0.481,12.1667,1,Doji
0.4937,0.5063,0.0,1.0256,1,0.0396,0.2178,0.7426,24.25,0,Doji
0.9231,0.0,0.0769,0.0833,0,0.0741,0.7037,0.2222,12.5,1,Doji
0.0377,0.6981,0.2642,25.5,1,0.0208,0.5208,0.4583,47.0,1,Doji
0.8333,0.098,0.0686,0.2,1,0.0714,0.0714,0.8571,13.0,1,Doji
0.9333,0.0333,0.0333,0.0714,0,0.0387,0.2,0.7613,24.8333,0,Doji
0.4545,0.2879,0.2576,1.2,1,0.069,0.3448,0.5862,13.5,1,Doji
0.6154,0.3516,0.033,0.625,1,0.1111,0.1389,0.75,8.0,0,Doji
0.9821,0.0089,0.0089,0.0182,0,0.037,0.7901,0.1728,26.0,1,Doji
0.9917,0.0,0.0083,0.0083,0,0.0789,0.2368,0.6842,11.6667,1,Doji
0.8253,0.1747,0.0,0.2117,1,0.1031,0.7938,0.1031,8.7,1,Doji
0.7105,0.2895,0.0,0.4074,1,0.0838,0.7016,0.2147,10.9375,0,Doji
0.8947,0.1053,0.0,0.1176,1,0.0127,0.481,0.5063,78.0,1,Doji
0.9767,0.0,0.0233,0.0238,0,0.0893,0.1964,0.7143,10.2,1,Doji
0.875,0.0924,0.0326,0.1429,1,0.0194,0.8641,0.1165,50.5,0,Doji
0.963,0.0123,0.0247,0.0385,0,0.1014,0.4783,0.4203,8.8571,1,Doji
0.9615,0.0128,0.0256,0.04,0,0.0217,0.0217,0.9565,45.0,0,Doji
0.4872,0.0855,0.4274,1.0526,1,0.0333,0.4667,0.5,29.0,0,Doji
0.9954,0.0,0.0046,0.0047,0,0.1053,0.6842,0.2105,8.5,1,Doji
0.8889,0.0556,0.0556,0.125,0,0.1143,0.5143,0.3714,7.75,1,Doji
0.2439,0.7561,0.0,3.1,1,0.0326,0.2065,0.7609,29.6667,1,Doji
0.6348,0.2609,0.1043,0.5753,1,0.039,0.8182,0.1429,24.6667,1,Doji
0.9583,0.0278,0.0139,0.0435,1,0.1,0.875,0.025,9.0,1,Doji
0.5636,0.3273,0.1091,0.7742,1,0.0417,0.875,0.0833,23.0,1,Doji
0.8947,0.0526,0.0526,0.1176,0,0.0222,0.4889,0.4889,44.0,1,Doji
0.6,0.2,0.2,0.6667,0,0.0441,0.1029,0.8529,21.6667,1,Doji
0.43,0.27,0.3,1.3256,1,0.0303,0.2424,0.7273,32.0,1,Doji
0.7069,0.1954,0.0977,0.4146,1,0.0164,0.2295,0.7541,60.0,0,Doji
0.6667,0.2222,0.1111,0.5,0,0.0822,0.3562,0.5616,11.1667,0,Doji
0.9661,0.0169,0.0169,0.0351,0,0.029,0.4348,0.5362,33.5,1,Doji
0.9062,0.0625,0.0312,0.1034,0,0.0175,0.1404,0.8421,56.0,0,Doji
0.9846,0.0,0.0154,0.0156,0,0.1087,0.7826,0.1087,8.2,0,Doji
0.2589,0.1071,0.6339,2.8621,1,0.0667,0.2333,0.7,14.0,0,Doji
0.9524,0.0317,0.0159,0.05,0,0.096,0.328,0.576,9.4167,0,Doji
0.9808,0.0096,0.0096,0.0196,0,0.028,0.1589,0.8131,34.6667,1,Doji
0.9062,0.0625,0.0312,0.1034,0,0.0706,0.0353,0.8941,13.1667,0,Doji
0.5,0.25,0.25,1.0,0,0.0328,0.1803,0.7869,29.5,0,Doji
0.6607,0.3214,0.0179,0.5135,1,0.0448,0.5672,0.3881,21.3333,0,Doji
0.9737,0.0132,0.0132,0.027,0,0.066,0.3396,0.5943,14.1429,0,Doji
0.0514,0.72,0.2286,18.4444,1,0.1034,0.569,0.3276,8.6667,0,Doji
0.598,0.0784,0.3235,0.6721,1,0.069,0.4483,0.4828,13.5,1,Doji
0.977,0.0115,0.0115,0.0235,0,0.0515,0.3897,0.5588,18.4286,1,Doji
0.0253,0.3038,0.6709,38.5,1,0.05,0.5,0.45,19.0,0,Doji
0.9649,0.0175,0.0175,0.0364,0,0.098,0.6667,0.2353,9.2,0,Doji
0.3071,0.55,0.1429,2.2558,1,0.0583,0.4078,0.534,16.1667,1,Doji
0.9487,0.0256,0.0256,0.0541,0,0.0256,0.7179,0.2564,38.0,0,Doji
0.9032,0.0323,0.0645,0.1071,0,0.0227,0.4773,0.5,43.0,0,Doji
0.8571,0.0714,0.0714,0.1667,0,0.0852,0.7557,0.1591,10.7333,0,Doji
0.3947,0.0,0.6053,1.5333,1,0.037,0.5185,0.4444,26.0,1,Doji
0.9574,0.0213,0.0213,0.0444,0,0.06,0.16,0.78,15.6667,1,Doji
0.3247,0.5844,0.0909,2.08,1,0.0952,0.4127,0.4921,9.5,0,Doji
0.1562,0.3281,0.5156,5.4,1,0.0286,0.6857,0.2857,34.0,1,Doji
0.8629,0.1371,0.0,0.1589,1,0.1075,0.2151,0.6774,8.3,0,Doji
0.303,0.6303,0.0667,2.3,1,0.0417,0.2222,0.7361,23.0,0,Doji
0.2549,0.4118,0.3333,2.9231,1,0.0899,0.4831,0.427,10.125,0,Doji
0.7217,0.113,0.1652,0.3855,1,0.0761,0.2826,0.6413,12.1429,1,Doji
0.5833,0.3167,0.1,0.7143,1,0.0577,0.5192,0.4231,16.3333,0,Doji
0.85,0.05,0.1,0.1765,0,0.0312,0.1562,0.8125,31.0,0,Doji
0.2949,0.3077,0.3974,2.3913,1,0.1,0.325,0.575,9.0,1,Doji
0.3492,0.0635,0.5873,1.8636,1,0.0714,0.4286,0.5,13.0,0,Doji
0.5063,0.3291,0.1646,0.975,1,0.0455,0.4697,0.4848,21.0,0,Doji
0.8291,0.0759,0.0949,0.2061,1,0.1087,0.4022,0.4891,8.2,0,Doji
0.9474,0.0175,0.0351,0.0556,0,0.0435,0.3043,0.6522,22.0,1,Doji
0.96,0.02,0.02,0.0417,0,0.0337,0.8202,0.1461,28.6667,1,Doji
0.8462,0.0769,0.0769,0.1818,0,0.125,0.1429,0.7321,7.0,0,Doji
0.4706,0.2353,0.2941,1.125,1,0.0972,0.1528,0.75,9.2857,1,Doji
0.9811,0.0,0.0189,0.0192,0,0.02,0.42,0.56,49.0,0,Doji
0.2687,0.0896,0.6418,2.7222,1,0.1132,0.4528,0.434,7.8333,0,Doji
0.8889,0.0556,0.0556,0.125,0,0.0784,0.3529,0.5686,11.75,0,Doji
0.9758,0.0161,0.0081,0.0248,0,0.0864,0.2963,0.6173,10.5714,0,Doji
0.85,0.1,0.05,0.1765,0,0.0444,0.4444,0.5111,21.5,1,Doji
0.9737,0.0088,0.0175,0.027,0,0.0482,0.2892,0.6627,19.75,0,Doji
0.96,0.02,0.02,0.0417,0,0.0588,0.5294,0.4118,16.0,0,Doji
0.1364,0.2727,0.5909,6.3333,1,0.2949,0.0769,0.6282,2.3913,1,Hammer
0.9781,0.0146,0.0073,0.0224,0,0.3222,0.0667,0.6111,2.1034,0,Hammer
0.9688,0.0156,0.0156,0.0323,0,0.2188,0.0,0.7812,3.5714,0,Hammer
0.8,0.1,0.1,0.25,0,0.3051,0.0,0.6949,2.2778,0,Hammer
0.4353,0.5647,0.0,1.2973,1,0.2625,0.0,0.7375,2.8095,0,Hammer
0.931,0.0345,0.0345,0.0741,0,0.2222,0.0707,0.7071,3.5,1,Hammer
0.88,0.0267,0.0933,0.1364,1,0.2941,0.0588,0.6471,2.4,1,Hammer
0.027,0.3649,0.6081,36.0,1,0.2381,0.0595,0.7024,3.2,0,Hammer
0.9792,0.0104,0.0104,0.0213,0,0.3,0.0375,0.6625,2.3333,0,Hammer
0.408,0.12,0.472,1.451,1,0.2286,0.0071,0.7643,3.375,0,Hammer
0.971,0.0145,0.0145,0.0299,0,0.2105,0.0526,0.7368,3.75,1,Hammer
0.9722,0.0139,0.0139,0.0286,0,0.125,0.0521,0.8229,7.0,0,Hammer
0.9857,0.0143,0.0,0.0145,1,0.1846,0.0,0.8154,4.4167,1,Hammer
0.7246,0.2174,0.058,0.38,1,0.0769,0.0154,0.9077,12.0,1,Hammer
0.3098,0.3533,0.337,2.2281,1,0.1366,0.0186,0.8447,6.3182,1,Hammer
0.9796,0.0102,0.0102,0.0208,0,0.2174,0.0,0.7826,3.6,0,Hammer
0.9672,0.0164,0.0164,0.0339,0,0.0361,0.0602,0.9036,26.6667,1,Hammer
0.9583,0.0208,0.0208,0.0435,0,0.1884,0.029,0.7826,4.3077,1,Hammer
0.8,0.1,0.1,0.25,0,0.0328,0.0492,0.918,29.5,0,Hammer
0.9783,0.0217,0.0,0.0222,0,0.2195,0.0,0.7805,3.5556,0,Hammer
0.9455,0.0364,0.0182,0.0577,0,0.1868,0.011,0.8022,4.3529,0,Hammer
0.0964,0.241,0.6627,9.375,1,0.2292,0.0,0.7708,3.3636,1,Hammer
0.7,0.2,0.1,0.4286,0,0.2245,0.0408,0.7347,3.4545,1,Hammer
0.8829,0.0721,0.045,0.1327,1,0.2627,0.0593,0.678,2.8065,1,Hammer
0.92,0.04,0.04,0.087,0,0.1818,0.0114,0.8068,4.5,1,Hammer
0.9556,0.0222,0.0222,0.0465,0,0.2059,0.049,0.7451,3.8571,0,Hammer
0.9565,0.0,0.0435,0.0455,0,0.1895,0.0065,0.8039,4.2759,1,Hammer
0.9615,0.0192,0.0192,0.04,0,0.2816,0.0388,0.6796,2.5517,0,Hammer
0.8571,0.0952,0.0476,0.1667,0,0.283,0.0189,0.6981,2.5333,0,Hammer
0.9423,0.0385,0.0192,0.0612,0,0.1099,0.0879,0.8022,8.1,0,Hammer
0.6406,0.1094,0.25,0.561,1,0.1735,0.0204,0.8061,4.7647,0,Hammer
0.913,0.0435,0.0435,0.0952,0,0.3111,0.0444,0.6444,2.2143,1,Hammer
0.5352,0.1127,0.3521,0.8684,1,0.0769,0.0513,0.8718,12.0,1,Hammer
0.9726,0.0137,0.0137,0.0282,0,0.0202,0.0404,0.9394,48.5,0,Hammer
0.05,0.6,0.35,19.0,1,0.3023,0.0233,0.6744,2.3077,1,Hammer
0.8404,0.0957,0.0638,0.1899,1,0.0385,0.0,0.9615,25.0,0,Hammer
0.5563,0.007,0.4366,0.7975,1,0.2662,0.0576,0.6763,2.7568,0,Hammer
0.95,0.0167,0.0333,0.0526,0,0.2143,0.0536,0.7321,3.6667,1,Hammer
0.963,0.0247,0.0123,0.0385,0,0.0488,0.0732,0.878,19.5,1,Hammer
0.9189,0.0541,0.027,0.0882,0,0.2683,0.0,0.7317,2.7273,0,Hammer
0.3803,0.0282,0.5915,1.6296,1,0.0133,0.0267,0.96,74.0,1,Hammer
0.6429,0.0,0.3571,0.5556,1,0.1034,0.0345,0.8621,8.6667,0,Hammer
0.8182,0.0909,0.0909,0.2222,0,0.2222,0.0278,0.75,3.5,1,Hammer
0.2647,0.5098,0.2255,2.7778,1,0.0246,0.0492,0.9262,39.6667,1,Hammer
0.6308,0.1231,0.2462,0.5854,1,0.2609,0.0119,0.7273,2.8333,1,Hammer
0.5,0.1667,0.3333,1.0,0,0.1282,0.0256,0.8462,6.8,1,Hammer
0.3333,0.3636,0.303,2.0,1,0.2951,0.0164,0.6885,2.3889,1,Hammer
0.6682,0.1517,0.1801,0.4965,1,0.1515,0.0,0.8485,5.6,1,Hammer
0.3333,0.3333,0.3333,2.0,0,0.3265,0.0204,0.6531,2.0625,0,Hammer
0.6842,0.0175,0.2982,0.4615,1,0.0792,0.0594,0.8614,11.625,0,Hammer
0.1981,0.3962,0.4057,4.0476,1,0.2742,0.0161,0.7097,2.6471,1,Hammer
0.9783,0.0109,0.0109,0.0222,0,0.3068,0.0568,0.6364,2.2593,0,Hammer
0.85,0.1,0.05,0.1765,0,0.165,0.0874,0.7476,5.0588,0,Hammer
0.7045,0.2955,0.0,0.4194,1,0.1864,0.0508,0.7627,4.3636,0,Hammer
0.7385,0.2462,0.0154,0.3542,1,0.2963,0.037,0.6667,2.375,0,Hammer
0.9,0.05,0.05,0.1111,0,0.1827,0.0673,0.75,4.4737,1,Hammer
0.5638,0.1409,0.2953,0.7738,1,0.0482,0.0723,0.8795,19.75,1,Hammer
0.4044,0.1544,0.4412,1.4727,1,0.2875,0.0,0.7125,2.4783,0,Hammer
0.8667,0.0667,0.0667,0.1538,0,0.1149,0.0608,0.8243,7.7059,0,Hammer
0.931,0.0345,0.0345,0.0741,0,0.2444,0.0,0.7556,3.0909,0,Hammer
0.7669,0.0902,0.1429,0.3039,1,0.3226,0.0,0.6774,2.1,0,Hammer
0.4,0.4,0.2,1.5,0,0.2609,0.0,0.7391,2.8333,0,Hammer
0.4713,0.1019,0.4268,1.1216,1,0.2336,0.0,0.7664,3.2812,0,Hammer
0.433,0.4639,0.1031,1.3095,1,0.2105,0.0658,0.7237,3.75,1,Hammer
0.963,0.0185,0.0185,0.0385,0,0.3036,0.0357,0.6607,2.2941,0,Hammer
0.377,0.2951,0.3279,1.6522,1,0.129,0.0806,0.7903,6.75,0,Hammer
0.973,0.0135,0.0135,0.0278,0,0.2545,0.0364,0.7091,2.9286,0,Hammer
0.9592,0.0204,0.0204,0.0426,0,0.2955,0.0568,0.6477,2.3846,0,Hammer
0.2477,0.0917,0.6606,3.037,1,0.058,0.029,0.913,16.25,0,Hammer
0.5962,0.2115,0.1923,0.6774,1,0.1744,0.0233,0.8023,4.7333,0,Hammer
0.9773,0.0,0.0227,0.0233,0,0.2857,0.0,0.7143,2.5,0,Hammer
0.6486,0.3108,0.0405,0.5417,1,0.1029,0.0441,0.8529,8.7143,0,Hammer
0.2273,0.5606,0.2121,3.4,1,0.2761,0.0299,0.694,2.6216,0,Hammer
0.1402,0.3902,0.4695,6.1304,1,0.2043,0.086,0.7097,3.8947,1,Hammer
0.3,0.1857,0.5143,2.3333,1,0.1186,0.0847,0.7966,7.4286,0,Hammer
0.0263,0.4342,0.5395,37.0,1,0.2143,0.0,0.7857,3.6667,0,Hammer
0.234,0.0638,0.7021,3.2727,1,0.2609,0.0435,0.6957,2.8333,0,Hammer
0.0779,0.5325,0.3896,11.8333,1,0.1824,0.0176,0.8,4.4839,0,Hammer
0.3333,0.3333,0.3333,2.0,0,0.1702,0.0106,0.8191,4.875,0,Hammer
0.6778,0.0778,0.2444,0.4754,1,0.2381,0.0,0.7619,3.2,0,Hammer
0.8125,0.0729,0.1146,0.2308,1,0.2432,0.027,0.7297,3.1111,0,Hammer
0.75,0.1667,0.0833,0.3333,0,0.027,0.0811,0.8919,36.0,1,Hammer
0.9655,0.0,0.0345,0.0357,0,0.1842,0.0,0.8158,4.4286,0,Hammer
0.9167,0.0417,0.0417,0.0909,0,0.12,0.0133,0.8667,7.3333,1,Hammer
0.24,0.7,0.06,3.1667,1,0.0714,0.0238,0.9048,13.0,1,Hammer
0.9775,0.0112,0.0112,0.023,0,0.2987,0.0649,0.6364,2.3478,1,Hammer
0.3053,0.0947,0.6,2.2759,1,0.3333,0.0417,0.625,2.0,0,Hammer
0.1262,0.3592,0.5146,6.9231,1,0.1455,0.0182,0.8364,5.875,0,Hammer
0.8,0.2,0.0,0.25,1,0.2,0.0,0.8,4.0,0,Hammer
0.963,0.0185,0.0185,0.0385,0,0.0818,0.0455,0.8727,11.2222,0,Hammer
0.0746,0.1642,0.7612,12.4,1,0.1889,0.0778,0.7333,4.2941,1,Hammer
0.8824,0.0588,0.0588,0.1333,0,0.1538,0.0192,0.8269,5.5,0,Hammer
0.8367,0.0408,0.1224,0.1951,1,0.3051,0.0678,0.6271,2.2778,1,Hammer
0.9714,0.0143,0.0143,0.0294,0,0.1,0.0625,0.8375,9.0,1,Hammer
0.3942,0.1635,0.4423,1.5366,1,0.3015,0.0,0.6985,2.3171,0,Hammer
0.9845,0.0078,0.0078,0.0157,0,0.0732,0.0244,0.9024,12.6667,0,Hammer
0.038,0.3038,0.6582,25.3333,1,0.2637,0.0498,0.6866,2.7925,0,Hammer
0.541,0.1311,0.3279,0.8485,1,0.2222,0.0,0.7778,3.5,0,Hammer
0.6889,0.0889,0.2222,0.4516,1,0.1045,0.0224,0.8731,8.5714,0,Hammer
0.9756,0.0122,0.0122,0.025,0,0.1558,0.0519,0.7922,5.4167,0,Hammer
0.9817,0.0092,0.0092,0.0187,0,0.25,0.0859,0.6641,3.0,1,Hammer
0.9718,0.0141,0.0141,0.029,0,0.3137,0.0588,0.6275,2.1875,0,Hammer
0.9936,0.0,0.0064,0.0064,0,0.2593,0.0741,0.6667,2.8571,0,Hammer
0.482,0.518,0.0,1.0746,1,0.2958,0.0986,0.6056,2.381,1,Hammer
0.5393,0.1348,0.3258,0.8542,1,0.2895,0.0,0.7105,2.4545,0,Hammer
0.1721,0.7213,0.1066,4.8095,1,0.2462,0.0769,0.6769,3.0625,1,Hammer
0.25,0.0781,0.6719,3.0,1,0.1475,0.0328,0.8197,5.7778,1,Hammer
0.5128,0.4744,0.0128,0.95,1,0.3,0.0714,0.6286,2.3333,0,Hammer
0.9615,0.0128,0.0256,0.04,0,0.2391,0.0435,0.7174,3.1818,1,Hammer
0.9924,0.0,0.0076,0.0076,0,0.1039,0.039,0.8571,8.625,1,Hammer
0.9583,0.0208,0.0208,0.0435,0,0.2086,0.0216,0.7698,3.7931,1,Hammer
0.25,0.3125,0.4375,3.0,1,0.1591,0.0455,0.7955,5.2857,1,Hammer
0.989,0.011,0.0,0.0111,1,0.2473,0.043,0.7097,3.0435,1,Hammer
0.9535,0.0233,0.0233,0.0488,0,0.3148,0.0556,0.6296,2.1765,1,Hammer
0.9677,0.0,0.0323,0.0333,1,0.304,0.04,0.656,2.2895,1,Hammer
0.9574,0.0213,0.0213,0.0444,0,0.2245,0.0,0.7755,3.4545,0,Hammer
0.9674,0.0217,0.0109,0.0337,0,0.1529,0.0706,0.7765,5.5385,0,Hammer
0.8486,0.0398,0.1116,0.1784,1,0.0413,0.0331,0.9256,23.2,1,Hammer
0.9574,0.0213,0.0213,0.0444,0,0.2637,0.044,0.6923,2.7917,1,Hammer
0.5408,0.2653,0.1939,0.8491,1,0.2,0.0182,0.7818,4.0,0,Hammer
0.9333,0.0333,0.0333,0.0714,0,0.0263,0.0263,0.9474,37.0,1,Hammer
0.234,0.5532,0.2128,3.2727,1,0.2933,0.04,0.6667,2.4091,1,Hammer
0.9884,0.0,0.0116,0.0118,0,0.1402,0.0,0.8598,6.1333,0,Hammer
0.9412,0.0294,0.0294,0.0625,0,0.3,0.0556,0.6444,2.3333,1,Hammer
0.9559,0.0294,0.0147,0.0462,0,0.1759,0.0185,0.8056,4.6842,1,Hammer
0.5429,0.4571,0.0,0.8421,1,0.0806,0.0484,0.871,11.4,0,Hammer
0.9829,0.0085,0.0085,0.0174,0,0.0336,0.0756,0.8908,28.75,1,Hammer
0.9692,0.0154,0.0154,0.0317,0,0.0784,0.0784,0.8431,11.75,1,Hammer
0.535,0.4331,0.0318,0.869,1,0.2576,0.0455,0.697,2.8824,0,Hammer
0.931,0.0345,0.0345,0.0741,0,0.1456,0.068,0.7864,5.8667,1,Hammer
0.8684,0.0088,0.1228,0.1515,1,0.2778,0.0556,0.6667,2.6,1,Hammer
0.9286,0.0,0.0714,0.0769,0,0.2174,0.0435,0.7391,3.6,0,Hammer
0.7,0.2,0.1,0.4286,0,0.2364,0.0909,0.6727,3.2308,0,Hammer
0.3086,0.3086,0.3827,2.24,1,0.2525,0.0354,0.7121,2.96,1,Hammer
0.9487,0.0256,0.0256,0.0541,0,0.0811,0.0676,0.8514,11.3333,0,Hammer
0.6447,0.1184,0.2368,0.551,1,0.3111,0.0667,0.6222,2.2143,0,Hammer
0.8182,0.0909,0.0909,0.2222,0,0.0889,0.0444,0.8667,10.25,1,Hammer
0.9574,0.0213,0.0213,0.0444,0,0.1739,0.0,0.8261,4.75,1,Hammer
0.0899,0.0449,0.8652,10.125,1,0.1795,0.0769,0.7436,4.5714,1,Hammer
0.9556,0.0222,0.0222,0.0465,0,0.186,0.0465,0.7674,4.375,1,Hammer
0.0714,0.4571,0.4714,13.0,1,0.2174,0.0435,0.7391,3.6,1,Hammer
0.3043,0.6196,0.0761,2.2857,1,0.2857,0.0317,0.6825,2.5,1,Hammer
0.5027,0.1979,0.2995,0.9894,1,0.2703,0.0135,0.7162,2.7,1,Hammer
0.8333,0.098,0.0686,0.2,1,0.0714,0.0714,0.8571,13.0,1,Hammer
0.4744,0.0,0.5256,1.1081,1,0.3077,0.0462,0.6462,2.25,1,Hammer
0.931,0.0345,0.0345,0.0741,0,0.1477,0.0738,0.7785,5.7727,1,Hammer
0.8519,0.0,0.1481,0.1739,1,0.0943,0.0189,0.8868,9.6,0,Hammer
0.505,0.3663,0.1287,0.9804,1,0.0125,0.0125,0.975,79.0,0,Hammer
0.5,0.25,0.25,1.0,0,0.1765,0.0294,0.7941,4.6667,1,Hammer
0.9167,0.0417,0.0417,0.0909,0,0.25,0.0192,0.7308,3.0,1,Hammer
0.1951,0.3902,0.4146,4.125,1,0.2941,0.0294,0.6765,2.4,0,Hammer
0.9412,0.0196,0.0392,0.0625,0,0.1351,0.0,0.8649,6.4,0,Hammer
0.9785,0.0108,0.0108,0.022,0,0.1735,0.0714,0.7551,4.7647,0,Hammer
0.3256,0.4884,0.186,2.0714,1,0.2121,0.0606,0.7273,3.7143,0,Hammer
0.4581,0.4532,0.0887,1.1828,1,0.2013,0.094,0.7047,3.9667,0,Hammer
0.9744,0.0,0.0256,0.0263,0,0.2329,0.0137,0.7534,3.2941,0,Hammer
0.2963,0.5,0.2037,2.375,1,0.18,0.06,0.76,4.5556,1,Hammer
0.1648,0.6813,0.1538,5.0667,1,0.2946,0.0,0.7054,2.3939,0,Hammer
0.4522,0.4174,0.1304,1.2115,1,0.2537,0.0448,0.7015,2.9412,0,Hammer
0.3818,0.6182,0.0,1.619,1,0.2763,0.0263,0.6974,2.619,1,Hammer
0.9896,0.0,0.0104,0.0105,0,0.0847,0.0847,0.8305,10.8,0,Hammer
0.4737,0.2057,0.3206,1.1111,1,0.3028,0.0183,0.6789,2.303,0,Hammer
0.761,0.0478,0.1912,0.3141,1,0.3168,0.0792,0.604,2.1562,0,Hammer
0.6375,0.3625,0.0,0.5686,1,0.2277,0.0495,0.7228,3.3913,0,Hammer
0.9873,0.0,0.0127,0.0128,0,0.2479,0.0513,0.7009,3.0345,0,Hammer
0.9524,0.0238,0.0238,0.05,0,0.1446,0.0843,0.7711,5.9167,1,Hammer
0.375,0.5312,0.0938,1.6667,1,0.2239,0.0,0.7761,3.4667,0,Hammer
0.3548,0.3548,0.2903,1.8182,1,0.3165,0.0506,0.6329,2.16,0,Hammer
0.9783,0.0,0.0217,0.0222,0,0.0185,0.037,0.9444,53.0,1,Hammer
0.4722,0.125,0.4028,1.1176,1,0.2386,0.0682,0.6932,3.1905,1,Hammer
0.9062,0.0625,0.0312,0.1034,0,0.0706,0.0353,0.8941,13.1667,0,Hammer
0.96,0.0267,0.0133,0.0417,0,0.2051,0.0,0.7949,3.875,0,Hammer
0.1935,0.4032,0.4032,4.1667,1,0.25,0.0625,0.6875,3.0,1,Hammer
0.8333,0.0833,0.0833,0.2,0,0.2796,0.0215,0.6989,2.5769,1,Hammer
0.3797,0.0506,0.5696,1.6333,1,0.2909,0.0182,0.6909,2.4375,1,Hammer
0.4214,0.4071,0.1714,1.3729,1,0.2421,0.0211,0.7368,3.1304,0,Hammer
0.9464,0.0179,0.0357,0.0566,0,0.2039,0.0194,0.7767,3.9048,0,Hammer
0.9733,0.0133,0.0133,0.0274,0,0.1034,0.0,0.8966,8.6667,1,Hammer
0.2222,0.5,0.2778,3.5,1,0.1507,0.0685,0.7808,5.6364,1,Hammer
0.2364,0.4,0.3636,3.2308,1,0.0741,0.0741,0.8519,12.5,1,Hammer
0.8677,0.0212,0.1111,0.1524,1,0.3077,0.0385,0.6538,2.25,1,Hammer
0.973,0.018,0.009,0.0278,0,0.0864,0.037,0.8765,10.5714,1,Hammer
0.5732,0.2073,0.2195,0.7447,1,0.2208,0.013,0.7662,3.5294,1,Hammer
0.9655,0.0172,0.0172,0.0357,0,0.2917,0.0694,0.6389,2.4286,0,Hammer
0.4423,0.3077,0.25,1.2609,1,0.2121,0.0,0.7879,3.7143,1,Hammer
0.4483,0.0862,0.4655,1.2308,1,0.2174,0.058,0.7246,3.6,0,Hammer
0.875,0.0625,0.0625,0.1429,0,0.2805,0.0732,0.6463,2.5652,0,Hammer
0.9259,0.037,0.037,0.08,0,0.1648,0.0659,0.7692,5.0667,0,Hammer
0.8814,0.1186,0.0,0.1346,1,0.2195,0.0488,0.7317,3.5556,1,Hammer
0.9556,0.0222,0.0222,0.0465,0,0.1346,0.0385,0.8269,6.4286,1,Hammer
0.9405,0.0,0.0595,0.0633,1,0.2812,0.0,0.7188,2.5556,1,Hammer
0.75,0.1071,0.1429,0.3333,1,0.1282,0.0855,0.7863,6.8,1,Hammer
0.0707,0.7576,0.1717,13.1429,1,0.1204,0.0185,0.8611,7.3077,0,Hammer
0.975,0.0125,0.0125,0.0256,0,0.0571,0.0571,0.8857,16.5,0,Hammer
0.2,0.5636,0.2364,4.0,1,0.322,0.0,0.678,2.1053,0,Hammer
0.8696,0.087,0.0435,0.15,0,0.2143,0.0519,0.7338,3.6667,0,Hammer
0.3039,0.6373,0.0588,2.2903,1,0.2473,0.0753,0.6774,3.0435,1,Hammer
0.95,0.0,0.05,0.0526,0,0.156,0.0459,0.7982,5.4118,1,Hammer
0.9524,0.0238,0.0238,0.05,0,0.2747,0.0,0.7253,2.64,0,Hammer
0.8846,0.0769,0.0385,0.1304,0,0.2222,0.0,0.7778,3.5,0,Hammer
0.9643,0.0179,0.0179,0.037,0,0.0424,0.9068,0.0508,22.6,0,ShootingStar
0.8,0.1,0.1,0.25,0,0.12,0.864,0.016,7.3333,1,ShootingStar
0.7619,0.2286,0.0095,0.3125,1,0.2857,0.7143,0.0,2.5,1,ShootingStar
0.8889,0.0556,0.0556,0.125,0,0.3514,0.6216,0.027,1.8462,0,ShootingStar
0.6111,0.1556,0.2333,0.6364,1,0.26,0.74,0.0,2.8462,0,ShootingStar
0.875,0.0833,0.0417,0.1429,0,0.303,0.697,0.0,2.3,1,ShootingStar
0.9459,0.027,0.027,0.0571,0,0.1491,0.8199,0.0311,5.7083,1,ShootingStar
0.1264,0.5862,0.2874,6.9091,1,0.1616,0.8081,0.0303,5.1875,1,ShootingStar
0.6,0.2,0.2,0.6667,0,0.0636,0.9091,0.0273,14.7143,0,ShootingStar
0.9815,0.0093,0.0093,0.0189,0,0.2125,0.7,0.0875,3.7059,0,ShootingStar
0.3291,0.2532,0.4177,2.0385,1,0.2157,0.7843,0.0,3.6364,1,ShootingStar
0.9091,0.0455,0.0455,0.1,0,0.2843,0.7157,0.0,2.5172,1,ShootingStar
0.5545,0.2091,0.2364,0.8033,1,0.1897,0.7414,0.069,4.2727,0,ShootingStar
0.6966,0.1103,0.1931,0.4356,1,0.1053,0.8421,0.0526,8.5,0,ShootingStar
0.1333,0.7333,0.1333,6.5,1,0.1782,0.7327,0.0891,4.6111,1,ShootingStar
0.931,0.0345,0.0345,0.0741,0,0.1375,0.825,0.0375,6.2727,0,ShootingStar
0.9814,0.0124,0.0062,0.019,0,0.27,0.71,0.02,2.7037,0,ShootingStar
0.8182,0.0909,0.0909,0.2222,0,0.1176,0.8824,0.0,7.5,1,ShootingStar
0.975,0.0125,0.0125,0.0256,0,0.0889,0.8778,0.0333,10.25,0,ShootingStar
0.9688,0.0156,0.0156,0.0323,0,0.2617,0.7196,0.0187,2.8214,1,ShootingStar
0.4,0.3556,0.2444,1.5,1,0.1385,0.8,0.0615,6.2222,0,ShootingStar
0.9355,0.0323,0.0323,0.069,0,0.2258,0.7097,0.0645,3.4286,1,ShootingStar
0.697,0.0758,0.2273,0.4348,1,0.1644,0.8356,0.0,5.0833,0,ShootingStar
0.9833,0.0,0.0167,0.0169,0,0.2424,0.7273,0.0303,3.125,1,ShootingStar
0.7473,0.022,0.2308,0.3382,1,0.28,0.72,0.0,2.5714,1,ShootingStar
0.7692,0.1538,0.0769,0.3,0,0.1579,0.807,0.0351,5.3333,0,ShootingStar
0.6,0.2,0.2,0.6667,0,0.3636,0.5758,0.0606,1.75,0,ShootingStar
0.2828,0.3131,0.404,2.5357,1,0.1719,0.7344,0.0938,4.8182,0,ShootingStar
0.3382,0.5735,0.0882,1.9565,1,0.0519,0.8593,0.0889,18.2857,1,ShootingStar
0.3841,0.6037,0.0122,1.6032,1,0.25,0.7273,0.0227,3.0,1,ShootingStar
0.0635,0.3598,0.5767,14.75,1,0.3193,0.6218,0.0588,2.1316,1,ShootingStar
0.0962,0.6538,0.25,9.4,1,0.2,0.8,0.0,4.0,0,ShootingStar
0.9394,0.0303,0.0303,0.0645,0,0.2727,0.6948,0.0325,2.6667,0,ShootingStar
0.625,0.1806,0.1944,0.6,1,0.3125,0.625,0.0625,2.2,0,ShootingStar
0.3871,0.4032,0.2097,1.5833,1,0.2632,0.6632,0.0737,2.8,0,ShootingStar
0.186,0.1395,0.6744,4.375,1,0.2623,0.7377,0.0,2.8125,1,ShootingStar
0.9032,0.0645,0.0323,0.1071,0,0.2596,0.7019,0.0385,2.8519,0,ShootingStar
0.9697,0.0152,0.0152,0.0312,0,0.2857,0.6762,0.0381,2.5,0,ShootingStar
0.9,0.0333,0.0667,0.1111,0,0.3,0.64,0.06,2.3333,1,ShootingStar
0.5783,0.1807,0.241,0.7292,1,0.0238,0.9762,0.0,41.0,1,ShootingStar
0.8403,0.0168,0.1429,0.19,1,0.1351,0.8198,0.045,6.4,1,ShootingStar
1.0,0.0,0.0,0.0,1,0.2885,0.6538,0.0577,2.4667,0,ShootingStar
0.7161,0.1613,0.1226,0.3964,1,0.1481,0.7901,0.0617,5.75,0,ShootingStar
0.9661,0.0169,0.0169,0.0351,0,0.1778,0.7778,0.0444,4.625,1,ShootingStar
0.1,0.4167,0.4833,9.0,1,0.0956,0.8382,0.0662,9.4615,1,ShootingStar
0.6759,0.0463,0.2778,0.4795,1,0.2846,0.6308,0.0846,2.5135,1,ShootingStar
0.931,0.0345,0.0345,0.0741,0,0.125,0.875,0.0,7.0,1,ShootingStar
0.6569,0.1863,0.1569,0.5224,1,0.25,0.6974,0.0526,3.0,1,ShootingStar
0.971,0.0145,0.0145,0.0299,0,0.1364,0.8295,0.0341,6.3333,0,ShootingStar
0.1091,0.4,0.4909,8.1667,1,0.3136,0.6102,0.0763,2.1892,0,ShootingStar
0.6522,0.087,0.2609,0.5333,1,0.3226,0.6452,0.0323,2.1,0,ShootingStar
0.9388,0.0408,0.0204,0.0652,0,0.0921,0.8816,0.0263,9.8571,1,ShootingStar
0.5,0.2353,0.2647,1.0,1,0.2,0.8,0.0,4.0,1,ShootingStar
0.5789,0.1474,0.2737,0.7273,1,0.314,0.6163,0.0698,2.1852,1,ShootingStar
0.54,0.16,0.3,0.8519,1,0.1,0.84,0.06,9.0,1,ShootingStar
0.9677,0.0161,0.0161,0.0333,0,0.1714,0.8286,0.0,4.8333,1,ShootingStar
0.7143,0.1429,0.1429,0.4,0,0.1867,0.76,0.0533,4.3571,0,ShootingStar
0.5,0.15,0.35,1.0,1,0.304,0.656,0.04,2.2895,1,ShootingStar
0.2692,0.4615,0.2692,2.7143,1,0.234,0.766,0.0,3.2727,0,ShootingStar
0.8095,0.0476,0.1429,0.2353,1,0.2955,0.7045,0.0,2.3846,1,ShootingStar
0.6,0.0,0.4,0.6667,1,0.175,0.825,0.0,4.7143,1,ShootingStar
0.7,0.1,0.2,0.4286,0,0.2907,0.6279,0.0814,2.44,1,ShootingStar
0.9823,0.0088,0.0088,0.018,0,0.1613,0.7903,0.0484,5.2,1,ShootingStar
0.6364,0.3506,0.013,0.5714,1,0.3077,0.6538,0.0385,2.25,0,ShootingStar
0.8333,0.0833,0.0833,0.2,0,0.2466,0.7397,0.0137,3.0556,0,ShootingStar
0.521,0.4731,0.006,0.9195,1,0.1714,0.819,0.0095,4.8333,0,ShootingStar
0.7042,0.2958,0.0,0.42,1,0.1437,0.7874,0.069,5.96,1,ShootingStar
0.3925,0.271,0.3364,1.5476,1,0.2636,0.7364,0.0,2.7931,1,ShootingStar
0.9143,0.0286,0.0571,0.0938,0,0.2143,0.7857,0.0,3.6667,1,ShootingStar
0.3133,0.6867,0.0,2.1923,1,0.0829,0.8341,0.0829,11.0556,1,ShootingStar
0.5312,0.1094,0.3594,0.8824,1,0.236,0.7019,0.0621,3.2368,0,ShootingStar
0.3175,0.5873,0.0952,2.15,1,0.2982,0.7018,0.0,2.3529,1,ShootingStar
0.271,0.3925,0.3364,2.6897,1,0.0299,0.9254,0.0448,32.5,0,ShootingStar
0.2705,0.2869,0.4426,2.697,1,0.2456,0.7544,0.0,3.0714,1,ShootingStar
0.9412,0.0294,0.0294,0.0625,0,0.2209,0.7209,0.0581,3.5263,0,ShootingStar
0.9388,0.0408,0.0204,0.0652,0,0.2921,0.7079,0.0,2.4231,1,ShootingStar
0.5402,0.3218,0.1379,0.8511,1,0.15,0.81,0.04,5.6667,1,ShootingStar
0.9333,0.0222,0.0444,0.0714,0,0.1228,0.8421,0.0351,7.1429,1,ShootingStar
0.9048,0.0476,0.0476,0.1053,0,0.1607,0.8214,0.0179,5.2222,1,ShootingStar
0.9626,0.0374,0.0,0.0388,1,0.2717,0.6522,0.0761,2.68,0,ShootingStar
0.9362,0.0213,0.0426,0.0682,0,0.303,0.697,0.0,2.3,1,ShootingStar
0.8636,0.0909,0.0455,0.1579,0,0.2051,0.7949,0.0,3.875,1,ShootingStar
0.9444,0.0278,0.0278,0.0588,0,0.2027,0.7973,0.0,3.9333,1,ShootingStar
0.8966,0.0345,0.069,0.1154,0,0.2835,0.622,0.0945,2.5278,0,ShootingStar
0.2018,0.2018,0.5965,3.9565,1,0.2936,0.7064,0.0,2.4062,1,ShootingStar
0.5357,0.4554,0.0089,0.8667,1,0.2464,0.7536,0.0,3.0588,1,ShootingStar
0.9412,0.0196,0.0392,0.0625,0,0.1176,0.8824,0.0,7.5,1,ShootingStar
0.9167,0.0278,0.0556,0.0909,0,0.1231,0.8615,0.0154,7.125,1,ShootingStar
0.9623,0.0189,0.0189,0.0392,0,0.2095,0.7048,0.0857,3.7727,0,ShootingStar
0.5519,0.1364,0.3117,0.8118,1,0.2949,0.6282,0.0769,2.3913,0,ShootingStar
0.8295,0.1591,0.0114,0.2055,1,0.0758,0.9091,0.0152,12.2,1,ShootingStar
0.8235,0.0882,0.0882,0.2143,1,0.2353,0.7059,0.0588,3.25,1,ShootingStar
0.9785,0.0108,0.0108,0.022,0,0.2258,0.6935,0.0806,3.4286,1,ShootingStar
0.9714,0.0,0.0286,0.0294,0,0.1111,0.8586,0.0303,8.0,1,ShootingStar
0.9545,0.0227,0.0227,0.0476,0,0.2673,0.6584,0.0743,2.7407,0,ShootingStar
0.9818,0.0091,0.0091,0.0185,0,0.1333,0.7889,0.0778,6.5,1,ShootingStar
0.9531,0.0156,0.0312,0.0492,0,0.1538,0.8242,0.022,5.5,1,ShootingStar
0.7027,0.2838,0.0135,0.4231,1,0.122,0.8537,0.0244,7.2,1,ShootingStar
0.4699,0.2771,0.253,1.1282,1,0.1739,0.7971,0.029,4.75,0,ShootingStar
0.931,0.0345,0.0345,0.0741,0,0.075,0.9,0.025,12.3333,1,ShootingStar
0.6667,0.1111,0.2222,0.5,1,0.3137,0.6078,0.0784,2.1875,0,ShootingStar
1.0,0.0,0.0,0.0,0,0.1103,0.8897,0.0,8.0667,1,ShootingStar
0.6444,0.2222,0.1333,0.5517,1,0.2566,0.6814,0.0619,2.8966,0,ShootingStar
0.0734,0.5596,0.367,12.625,1,0.28,0.66,0.06,2.5714,0,ShootingStar
0.4649,0.2632,0.2719,1.1509,1,0.3,0.7,0.0,2.3333,1,ShootingStar
0.9608,0.0196,0.0196,0.0408,0,0.1513,0.7563,0.0924,5.6111,1,ShootingStar
0.1923,0.7179,0.0897,4.2,1,0.1149,0.8046,0.0805,7.7,0,ShootingStar
0.9811,0.0063,0.0126,0.0192,0,0.1071,0.8571,0.0357,8.3333,1,ShootingStar
0.7684,0.1263,0.1053,0.3014,1,0.1518,0.7589,0.0893,5.5882,0,ShootingStar
0.4857,0.1143,0.4,1.0588,1,0.2564,0.7179,0.0256,2.9,1,ShootingStar
0.2419,0.4516,0.3065,3.1333,1,0.2645,0.7025,0.0331,2.7812,0,ShootingStar
0.9649,0.0175,0.0175,0.0364,0,0.1091,0.8727,0.0182,8.1667,1,ShootingStar
0.6977,0.1977,0.1047,0.4333,1,0.0667,0.8667,0.0667,14.0,0,ShootingStar
0.4286,0.1374,0.4341,1.3333,1,0.2985,0.7015,0.0,2.35,1,ShootingStar
0.4125,0.5625,0.025,1.4242,1,0.2647,0.6765,0.0588,2.7778,0,ShootingStar
0.9474,0.0175,0.0351,0.0556,0,0.1795,0.7436,0.0769,4.5714,0,ShootingStar
0.75,0.0833,0.1667,0.3333,0,0.1718,0.8221,0.0061,4.8214,1,ShootingStar
0.9634,0.0366,0.0,0.038,1,0.2979,0.6596,0.0426,2.3571,0,ShootingStar
0.8974,0.1026,0.0,0.1143,1,0.0833,0.8542,0.0625,11.0,0,ShootingStar
0.9189,0.027,0.0541,0.0882,0,0.1556,0.8222,0.0222,5.4286,0,ShootingStar
0.8571,0.0476,0.0952,0.1667,0,0.2769,0.6769,0.0462,2.6111,0,ShootingStar
0.9802,0.0099,0.0099,0.0202,0,0.1136,0.8409,0.0455,7.8,1,ShootingStar
0.9444,0.0278,0.0278,0.0588,0,0.0989,0.8681,0.033,9.1111,1,ShootingStar
0.9714,0.0143,0.0143,0.0294,0,0.19,0.76,0.05,4.2632,1,ShootingStar
0.339,0.1017,0.5593,1.95,1,0.1778,0.8222,0.0,4.625,1,ShootingStar
0.9286,0.0,0.0714,0.0769,0,0.1304,0.8696,0.0,6.6667,0,ShootingStar
0.981,0.0,0.019,0.0194,0,0.1719,0.8125,0.0156,4.8182,1,ShootingStar
0.9672,0.0164,0.0164,0.0339,0,0.1479,0.7958,0.0563,5.7619,0,ShootingStar
0.875,0.0833,0.0417,0.1429,0,0.274,0.7123,0.0137,2.65,1,ShootingStar
0.8182,0.0909,0.0909,0.2222,0,0.2532,0.7342,0.0127,2.95,1,ShootingStar
0.8824,0.0588,0.0588,0.1333,0,0.2992,0.685,0.0157,2.3421,0,ShootingStar
0.75,0.125,0.125,0.3333,0,0.2885,0.6731,0.0385,2.4667,1,ShootingStar
0.9048,0.0476,0.0476,0.1053,0,0.2222,0.7302,0.0476,3.5,1,ShootingStar
0.9259,0.037,0.037,0.08,0,0.2821,0.6923,0.0256,2.5455,0,ShootingStar
0.1591,0.7386,0.1023,5.2857,1,0.2958,0.6338,0.0704,2.381,1,ShootingStar
0.5256,0.0128,0.4615,0.9024,1,0.2469,0.7037,0.0494,3.05,0,ShootingStar
0.971,0.0145,0.0145,0.0299,0,0.0994,0.882,0.0186,9.0625,1,ShootingStar
0.4554,0.1386,0.4059,1.1957,1,0.175,0.8,0.025,4.7143,0,ShootingStar
0.375,0.5781,0.0469,1.6667,1,0.1294,0.8706,0.0,6.7273,1,ShootingStar
0.75,0.0063,0.2437,0.3333,1,0.2785,0.6962,0.0253,2.5909,0,ShootingStar
0.7419,0.0968,0.1613,0.3478,1,0.2821,0.6923,0.0256,2.5455,0,ShootingStar
0.8462,0.0769,0.0769,0.1818,0,0.18,0.79,0.03,4.5556,1,ShootingStar
0.9464,0.0179,0.0357,0.0566,0,0.1818,0.7727,0.0455,4.5,0,ShootingStar
0.4348,0.2464,0.3188,1.3,1,0.2679,0.6964,0.0357,2.7333,1,ShootingStar
0.9663,0.0112,0.0225,0.0349,0,0.2278,0.7468,0.0253,3.3889,1,ShootingStar
0.8889,0.0556,0.0556,0.125,0,0.1966,0.7778,0.0256,4.087,1,ShootingStar
0.979,0.007,0.014,0.0214,0,0.3165,0.6709,0.0127,2.16,1,ShootingStar
0.963,0.0247,0.0123,0.0385,0,0.2692,0.7051,0.0256,2.7143,1,ShootingStar
0.9556,0.0222,0.0222,0.0465,0,0.1698,0.7453,0.0849,4.8889,1,ShootingStar
0.9857,0.0,0.0143,0.0145,0,0.2667,0.6667,0.0667,2.75,0,ShootingStar
0.375,0.4886,0.1364,1.6667,1,0.1449,0.8406,0.0145,5.9,1,ShootingStar
0.6591,0.3409,0.0,0.5172,1,0.2381,0.7619,0.0,3.2,1,ShootingStar
0.9583,0.0278,0.0139,0.0435,1,0.1,0.875,0.025,9.0,1,ShootingStar
0.2121,0.6515,0.1364,3.7143,1,0.0882,0.8971,0.0147,10.3333,1,ShootingStar
0.9512,0.0244,0.0244,0.0513,0,0.2348,0.713,0.0522,3.2593,0,ShootingStar
0.9762,0.0119,0.0119,0.0244,0,0.2609,0.6812,0.058,2.8333,1,ShootingStar
0.9855,0.0,0.0145,0.0147,0,0.2371,0.7629,0.0,3.2174,1,ShootingStar
0.9375,0.0312,0.0312,0.0667,0,0.2294,0.7248,0.0459,3.36,1,ShootingStar
0.9821,0.0089,0.0089,0.0182,0,0.2466,0.7397,0.0137,3.0556,1,ShootingStar
0.2,0.32,0.48,4.0,1,0.0652,0.913,0.0217,14.3333,1,ShootingStar
0.2632,0.6316,0.1053,2.8,1,0.225,0.75,0.025,3.4444,0,ShootingStar
0.7015,0.0299,0.2687,0.4255,1,0.3171,0.6585,0.0244,2.1538,1,ShootingStar
0.9643,0.0179,0.0179,0.037,0,0.2083,0.75,0.0417,3.8,1,ShootingStar
0.9,0.05,0.05,0.1111,0,0.2821,0.7179,0.0,2.5455,1,ShootingStar
0.9902,0.0,0.0098,0.0099,0,0.1736,0.7851,0.0413,4.7619,1,ShootingStar
0.5395,0.1711,0.2895,0.8537,1,0.1101,0.7982,0.0917,8.0833,0,ShootingStar
0.378,0.2317,0.3902,1.6452,1,0.1944,0.7361,0.0694,4.1429,1,ShootingStar
0.9733,0.0133,0.0133,0.0274,0,0.0891,0.8713,0.0396,10.2222,1,ShootingStar
0.9899,0.0101,0.0,0.0102,0,0.3093,0.6598,0.0309,2.2333,0,ShootingStar
0.9286,0.0476,0.0238,0.0769,0,0.172,0.8172,0.0108,4.8125,1,ShootingStar
0.8734,0.038,0.0886,0.1449,1,0.3333,0.6515,0.0152,2.0,1,ShootingStar
0.931,0.0345,0.0345,0.0741,0,0.1304,0.8478,0.0217,6.6667,0,ShootingStar
0.6614,0.3307,0.0079,0.5119,1,0.1412,0.8235,0.0353,6.0833,1,ShootingStar
0.9778,0.0074,0.0148,0.0227,0,0.2986,0.625,0.0764,2.3488,0,ShootingStar
0.4741,0.2069,0.319,1.1091,1,0.08,0.8667,0.0533,11.5,0,ShootingStar
0.9655,0.0172,0.0172,0.0357,0,0.3,0.6875,0.0125,2.3333,0,ShootingStar
0.6733,0.0792,0.2475,0.4853,1,0.3012,0.6506,0.0482,2.32,0,ShootingStar
0.9531,0.0156,0.0312,0.0492,0,0.2987,0.6234,0.0779,2.3478,1,ShootingStar
0.6829,0.187,0.1301,0.4643,1,0.2527,0.7033,0.044,2.9565,0,ShootingStar
0.9524,0.0238,0.0238,0.05,0,0.2658,0.6709,0.0633,2.7619,1,ShootingStar
0.9744,0.0128,0.0128,0.0263,0,0.1742,0.8258,0.0,4.7391,1,ShootingStar
0.9362,0.0426,0.0213,0.0682,0,0.0494,0.9383,0.0123,19.25,1,ShootingStar
0.1781,0.1507,0.6712,4.6154,1,0.0656,0.9344,0.0,14.25,1,ShootingStar
0.7778,0.1111,0.1111,0.2857,0,0.2045,0.7159,0.0795,3.8889,0,ShootingStar
0.5532,0.0426,0.4043,0.8077,1,0.3043,0.6667,0.029,2.2857,0,ShootingStar
0.4022,0.1739,0.4239,1.4865,1,0.2017,0.7647,0.0336,3.9583,1,ShootingStar
0.9362,0.0213,0.0426,0.0682,0,0.1639,0.8361,0.0,5.1,1,ShootingStar
0.9722,0.0139,0.0139,0.0286,0,0.0901,0.8559,0.0541,10.1,0,ShootingStar
0.6289,0.0943,0.2767,0.59,1,0.3036,0.6429,0.0536,2.2941,0,ShootingStar
0.9636,0.0182,0.0182,0.0377,0,0.209,0.791,0.0,3.7857,1,ShootingStar
0.9333,0.0333,0.0333,0.0714,0,0.2683,0.6829,0.0488,2.7273,0,ShootingStar
0.7143,0.1429,0.1429,0.4,0,0.2551,0.6939,0.051,2.92,0,ShootingStar
0.3214,0.4643,0.2143,2.1111,1,0.1818,0.7727,0.0455,4.5,0,ShootingStar
0.1522,0.3043,0.5435,5.5714,1,0.2162,0.7432,0.0405,3.625,1,ShootingStar
0.3659,0.1951,0.439,1.7333,1,0.2065,0.7826,0.0109,3.8421,1,ShootingStar
0.4524,0.0714,0.4762,1.2105,1,0.271,0.7009,0.028,2.6897,1,ShootingStar
0.5066,0.2863,0.207,0.9739,1,0.25,0.69,0.06,3.0,0,ShootingStar
0.2115,0.1923,0.5962,3.7273,1,0.1923,0.7436,0.0641,4.2,1,ShootingStar
0.3814,0.0593,0.5593,1.6222,1,0.2,0.7467,0.0533,4.0,0,ShootingStar
0.9286,0.0357,0.0357,0.0769,0,0.1473,0.8062,0.0465,5.7895,0,ShootingStar
0.463,0.0185,0.5185,1.16,1,0.1458,0.4583,0.3958,5.8571,0,SpinningTop
0.3571,0.6429,0.0,1.8,1,0.248,0.448,0.304,3.0323,0,SpinningTop
0.9667,0.0167,0.0167,0.0345,0,0.1584,0.3663,0.4752,5.3125,0,SpinningTop
0.9474,0.0175,0.0351,0.0556,0,0.2619,0.4048,0.3333,2.8182,0,SpinningTop
0.9788,0.0106,0.0106,0.0216,0,0.1532,0.4919,0.3548,5.5263,0,SpinningTop
0.9222,0.0419,0.0359,0.0844,1,0.2632,0.4421,0.2947,2.8,1,SpinningTop
0.3217,0.2957,0.3826,2.1081,1,0.3286,0.3714,0.3,2.0435,0,SpinningTop
0.8095,0.1587,0.0317,0.2353,1,0.3636,0.2727,0.3636,1.75,1,SpinningTop
0.9623,0.0189,0.0189,0.0392,0,0.1812,0.4203,0.3986,4.52,0,SpinningTop
0.94,0.04,0.02,0.0638,0,0.1961,0.4902,0.3137,4.1,0,SpinningTop
0.9474,0.0526,0.0,0.0556,1,0.1316,0.3553,0.5132,6.6,1,SpinningTop
0.6753,0.3117,0.013,0.4808,1,0.2857,0.3857,0.3286,2.5,0,SpinningTop
0.9651,0.0233,0.0116,0.0361,0,0.2597,0.3636,0.3766,2.85,1,SpinningTop
0.4222,0.5667,0.0111,1.3684,1,0.2581,0.3548,0.3871,2.875,0,SpinningTop
0.5769,0.0769,0.3462,0.7333,1,0.2963,0.3519,0.3519,2.375,1,SpinningTop
0.9706,0.0147,0.0147,0.0303,0,0.2652,0.3333,0.4015,2.7714,1,SpinningTop
0.975,0.0125,0.0125,0.0256,0,0.3091,0.3273,0.3636,2.2353,0,SpinningTop
0.9302,0.0465,0.0233,0.075,0,0.3239,0.2958,0.3803,2.087,1,SpinningTop
0.9692,0.0154,0.0154,0.0317,0,0.2903,0.3065,0.4032,2.4444,1,SpinningTop
0.6667,0.1667,0.1667,0.5,0,0.2679,0.3929,0.3393,2.7333,1,SpinningTop
0.1887,0.2264,0.5849,4.3,1,0.2,0.3909,0.4091,4.0,1,SpinningTop
0.9836,0.0164,0.0,0.0167,0,0.2366,0.4409,0.3226,3.2273,0,SpinningTop
0.1571,0.7143,0.1286,5.3636,1,0.2936,0.3853,0.3211,2.4062,1,SpinningTop
0.9412,0.0294,0.0294,0.0625,0,0.2195,0.4634,0.3171,3.5556,0,SpinningTop
0.7426,0.1782,0.0792,0.3467,1,0.2914,0.2781,0.4305,2.4318,1,SpinningTop
0.3051,0.0508,0.6441,2.2778,1,0.2308,0.3462,0.4231,3.3333,0,SpinningTop
0.9848,0.0076,0.0076,0.0154,0,0.2122,0.4204,0.3673,3.7115,1,SpinningTop
0.427,0.1124,0.4607,1.3421,1,0.1493,0.3731,0.4776,5.7,0,SpinningTop
0.9623,0.0189,0.0189,0.0392,0,0.1951,0.4634,0.3415,4.125,0,SpinningTop
0.6066,0.0984,0.2951,0.6486,1,0.1212,0.3939,0.4848,7.25,1,SpinningTop
0.7961,0.1645,0.0395,0.2562,1,0.1488,0.5041,0.3471,5.7222,1,SpinningTop
0.5682,0.0682,0.3636,0.76,1,0.28,0.32,0.4,2.5714,1,SpinningTop
0.9817,0.0092,0.0092,0.0187,0,0.243,0.3458,0.4112,3.1154,1,SpinningTop
0.4507,0.2394,0.3099,1.2188,1,0.2105,0.3421,0.4474,3.75,1,SpinningTop
0.7778,0.1111,0.1111,0.2857,0,0.3059,0.3882,0.3059,2.2692,1,SpinningTop
0.6912,0.2941,0.0147,0.4468,1,0.2323,0.4444,0.3232,3.3043,1,SpinningTop
0.9615,0.0192,0.0192,0.04,0,0.2787,0.2951,0.4262,2.5882,0,SpinningTop
0.9706,0.0,0.0294,0.0303,0,0.2526,0.3263,0.4211,2.9583,0,SpinningTop
0.8667,0.0667,0.0667,0.1538,0,0.2273,0.3636,0.4091,3.4,1,SpinningTop
0.978,0.011,0.011,0.0225,0,0.2357,0.3567,0.4076,3.2432,0,SpinningTop
0.7391,0.2464,0.0145,0.3529,1,0.3269,0.3654,0.3077,2.0588,1,SpinningTop
0.0682,0.6364,0.2955,13.6667,1,0.15,0.4375,0.4125,5.6667,0,SpinningTop
0.7229,0.1446,0.1325,0.3833,1,0.2692,0.3846,0.3462,2.7143,1,SpinningTop
0.8864,0.1136,0.0,0.1282,1,0.2549,0.2941,0.451,2.9231,1,SpinningTop
0.9739,0.0087,0.0174,0.0268,0,0.2763,0.4079,0.3158,2.619,1,SpinningTop
0.5673,0.4327,0.0,0.7627,1,0.1522,0.3696,0.4783,5.5714,0,SpinningTop
0.2841,0.1705,0.5455,2.52,1,0.1212,0.4848,0.3939,7.25,1,SpinningTop
0.1169,0.6234,0.2597,7.5556,1,0.1698,0.4717,0.3585,4.8889,1,SpinningTop
0.9714,0.0143,0.0143,0.0294,0,0.2105,0.3158,0.4737,3.75,0,SpinningTop
0.7969,0.1875,0.0156,0.2549,1,0.2292,0.3333,0.4375,3.3636,0,SpinningTop
0.8889,0.0556,0.0556,0.125,0,0.2632,0.4211,0.3158,2.8,0,SpinningTop
0.9556,0.0222,0.0222,0.0465,0,0.1471,0.3824,0.4706,5.8,0,SpinningTop
0.9712,0.0096,0.0192,0.0297,0,0.2135,0.4607,0.3258,3.6842,0,SpinningTop
0.9048,0.0476,0.0476,0.1053,0,0.2911,0.4051,0.3038,2.4348,0,SpinningTop
0.5862,0.2874,0.1264,0.7059,1,0.313,0.2783,0.4087,2.1944,1,SpinningTop
0.95,0.0167,0.0333,0.0526,0,0.299,0.3608,0.3402,2.3448,1,SpinningTop
0.8395,0.1481,0.0123,0.1912,1,0.2041,0.3878,0.4082,3.9,1,SpinningTop
0.95,0.025,0.025,0.0526,0,0.2738,0.381,0.3452,2.6522,0,SpinningTop
0.2396,0.6667,0.0938,3.1739,1,0.1481,0.3778,0.4741,5.75,0,SpinningTop
0.6087,0.1159,0.2754,0.6429,1,0.3448,0.3448,0.3103,1.9,0,SpinningTop
0.9677,0.0161,0.0161,0.0333,0,0.2255,0.3725,0.402,3.4348,1,SpinningTop
0.9688,0.0156,0.0156,0.0323,0,0.1064,0.4255,0.4681,8.4,1,SpinningTop
0.9813,0.0093,0.0093,0.019,0,0.1121,0.5047,0.3832,7.9167,0,SpinningTop
0.5789,0.25,0.1711,0.7273,1,0.2324,0.3239,0.4437,3.303,1,SpinningTop
0.2385,0.3119,0.4495,3.1923,1,0.2772,0.2871,0.4356,2.6071,1,SpinningTop
0.4186,0.2326,0.3488,1.3889,1,0.2348,0.3409,0.4242,3.2581,0,SpinningTop
0.5873,0.2937,0.119,0.7027,1,0.1538,0.5,0.3462,5.5,0,SpinningTop
0.8543,0.0905,0.0553,0.1706,1,0.2626,0.3535,0.3838,2.8077,0,SpinningTop
0.9512,0.0244,0.0244,0.0513,0,0.2727,0.4091,0.3182,2.6667,1,SpinningTop
0.9891,0.0,0.0109,0.011,0,0.3173,0.2692,0.4135,2.1515,1,SpinningTop
0.4048,0.1667,0.4286,1.4706,1,0.142,0.4877,0.3704,6.0435,0,SpinningTop
0.9792,0.0104,0.0104,0.0213,0,0.3235,0.3676,0.3088,2.0909,0,SpinningTop
0.8462,0.0769,0.0769,0.1818,0,0.2885,0.3462,0.3654,2.4667,1,SpinningTop
0.8571,0.0714,0.0714,0.1667,0,0.2857,0.4286,0.2857,2.5,1,SpinningTop
0.46,0.44,0.1,1.1739,1,0.1569,0.4706,0.3725,5.375,1,SpinningTop
0.0435,0.7391,0.2174,22.0,1,0.3143,0.4,0.2857,2.1818,1,SpinningTop
0.9375,0.0312,0.0312,0.0667,0,0.3182,0.3864,0.2955,2.1429,0,SpinningTop
0.5932,0.4068,0.0,0.6857,1,0.2432,0.3784,0.3784,3.1111,0,SpinningTop
0.971,0.0,0.029,0.0299,0,0.2966,0.4207,0.2828,2.3721,1,SpinningTop
0.7253,0.1319,0.1429,0.3788,1,0.2105,0.3947,0.3947,3.75,0,SpinningTop
0.3548,0.3387,0.3065,1.8182,1,0.2239,0.3284,0.4478,3.4667,1,SpinningTop
0.8986,0.029,0.0725,0.1129,1,0.3148,0.3333,0.3519,2.1765,0,SpinningTop
0.0278,0.8056,0.1667,35.0,1,0.3125,0.375,0.3125,2.2,1,SpinningTop
0.8636,0.0455,0.0909,0.1579,0,0.3056,0.3611,0.3333,2.2727,0,SpinningTop
0.875,0.0833,0.0417,0.1429,0,0.2333,0.3333,0.4333,3.2857,0,SpinningTop
0.5732,0.122,0.3049,0.7447,1,0.2927,0.3537,0.3537,2.4167,0,SpinningTop
0.7195,0.1585,0.122,0.3898,1,0.1714,0.4857,0.3429,4.8333,0,SpinningTop
0.7895,0.2105,0.0,0.2667,1,0.2952,0.3333,0.3714,2.3871,0,SpinningTop
0.3897,0.4706,0.1397,1.566,1,0.234,0.3298,0.4362,3.2727,1,SpinningTop
0.9048,0.0476,0.0476,0.1053,0,0.1857,0.3571,0.4571,4.3846,1,SpinningTop
0.4,0.2,0.4,1.5,0,0.1346,0.4231,0.4423,6.4286,1,SpinningTop
0.68,0.24,0.08,0.4706,1,0.193,0.3509,0.4561,4.1818,0,SpinningTop
0.9855,0.0,0.0145,0.0147,0,0.3273,0.3818,0.2909,2.0556,0,SpinningTop
0.9817,0.0092,0.0092,0.0187,0,0.1605,0.4691,0.3704,5.2308,1,SpinningTop
0.92,0.04,0.04,0.087,0,0.2973,0.3874,0.3153,2.3636,0,SpinningTop
0.9429,0.0286,0.0286,0.0606,0,0.1642,0.4627,0.3731,5.0909,0,SpinningTop
0.1169,0.2597,0.6234,7.5556,1,0.2083,0.4167,0.375,3.8,1,SpinningTop
0.8889,0.0556,0.0556,0.125,0,0.2035,0.3717,0.4248,3.913,1,SpinningTop
0.193,0.3772,0.4298,4.1818,1,0.1633,0.4286,0.4082,5.125,1,SpinningTop
0.2118,0.3765,0.4118,3.7222,1,0.1341,0.3537,0.5122,6.4545,0,SpinningTop
0.9091,0.0455,0.0455,0.1,0,0.2,0.4696,0.3304,4.0,1,SpinningTop
0.9583,0.0208,0.0208,0.0435,0,0.1579,0.3509,0.4912,5.3333,0,SpinningTop
0.3194,0.3979,0.2827,2.1311,1,0.3103,0.3563,0.3333,2.2222,1,SpinningTop
0.663,0.1989,0.1381,0.5083,1,0.1901,0.438,0.3719,4.2609,0,SpinningTop
0.6531,0.2041,0.1429,0.5312,1,0.2088,0.4615,0.3297,3.7895,0,SpinningTop
0.9524,0.0317,0.0159,0.05,0,0.197,0.3333,0.4697,4.0769,0,SpinningTop
0.7143,0.1429,0.1429,0.4,0,0.2679,0.3839,0.3482,2.7333,0,SpinningTop
0.9651,0.0116,0.0233,0.0361,0,0.2029,0.4058,0.3913,3.9286,1,SpinningTop
0.9922,0.0,0.0078,0.0078,0,0.2609,0.3768,0.3623,2.8333,1,SpinningTop
0.9459,0.027,0.027,0.0571,0,0.2759,0.3333,0.3908,2.625,1,SpinningTop
0.975,0.0125,0.0125,0.0256,0,0.2742,0.3226,0.4032,2.6471,1,SpinningTop
0.6271,0.3729,0.0,0.5946,1,0.28,0.32,0.4,2.5714,1,SpinningTop
0.6593,0.1556,0.1852,0.5169,1,0.2584,0.3828,0.3589,2.8704,1,SpinningTop
0.6644,0.1544,0.1812,0.5051,1,0.137,0.4795,0.3836,6.3,1,SpinningTop
0.6687,0.259,0.0723,0.4955,1,0.1865,0.3679,0.4456,4.3611,0,SpinningTop
0.7143,0.1429,0.1429,0.4,0,0.2791,0.3256,0.3953,2.5833,0,SpinningTop
0.9167,0.0417,0.0417,0.0909,0,0.1176,0.479,0.4034,7.5,0,SpinningTop
0.7736,0.0377,0.1887,0.2927,1,0.2059,0.4559,0.3382,3.8571,0,SpinningTop
0.5316,0.2278,0.2405,0.881,1,0.1714,0.419,0.4095,4.8333,1,SpinningTop
0.4203,0.3913,0.1884,1.3793,1,0.2647,0.2941,0.4412,2.7778,0,SpinningTop
0.96,0.0133,0.0267,0.0417,0,0.2727,0.4298,0.2975,2.6667,0,SpinningTop
0.9778,0.0222,0.0,0.0227,0,0.2143,0.4143,0.3714,3.6667,0,SpinningTop
0.9903,0.0097,0.0,0.0098,0,0.2469,0.4321,0.321,3.05,0,SpinningTop
0.9778,0.0111,0.0111,0.0227,0,0.2456,0.4211,0.3333,3.0714,0,SpinningTop
0.5909,0.2182,0.1909,0.6923,1,0.2093,0.4419,0.3488,3.7778,1,SpinningTop
0.9623,0.0189,0.0189,0.0392,0,0.2434,0.3618,0.3947,3.1081,0,SpinningTop
0.9571,0.0143,0.0286,0.0448,0,0.2295,0.3443,0.4262,3.3571,0,SpinningTop
0.9857,0.0143,0.0,0.0145,0,0.1613,0.4032,0.4355,5.2,1,SpinningTop
0.7538,0.0692,0.1769,0.3265,1,0.2872,0.3936,0.3191,2.4815,1,SpinningTop
0.9739,0.0087,0.0174,0.0268,0,0.118,0.4658,0.4161,7.4737,1,SpinningTop
0.68,0.32,0.0,0.4706,1,0.2658,0.3291,0.4051,2.7619,1,SpinningTop
0.2292,0.3333,0.4375,3.3636,1,0.1875,0.4375,0.375,4.3333,0,SpinningTop
0.8395,0.0617,0.0988,0.1912,1,0.1944,0.4306,0.375,4.1429,0,SpinningTop
0.2906,0.3504,0.359,2.4412,1,0.2317,0.3537,0.4146,3.3158,1,SpinningTop
0.8634,0.0248,0.1118,0.1583,1,0.3085,0.3191,0.3723,2.2414,1,SpinningTop
0.9667,0.0,0.0333,0.0345,0,0.3143,0.2714,0.4143,2.1818,0,SpinningTop
0.6125,0.0375,0.35,0.6327,1,0.1481,0.3889,0.463,5.75,1,SpinningTop
0.9636,0.0182,0.0182,0.0377,0,0.2328,0.319,0.4483,3.2963,1,SpinningTop
0.9841,0.0079,0.0079,0.0161,0,0.1233,0.3973,0.4795,7.1111,0,SpinningTop
0.7273,0.1818,0.0909,0.375,0,0.1905,0.4286,0.381,4.25,1,SpinningTop
0.9875,0.0,0.0125,0.0127,0,0.225,0.3125,0.4625,3.4444,0,SpinningTop
0.8889,0.0,0.1111,0.125,1,0.3148,0.3704,0.3148,2.1765,0,SpinningTop
0.9785,0.0108,0.0108,0.022,0,0.2975,0.2893,0.4132,2.3611,1,SpinningTop
0.807,0.0175,0.1754,0.2391,1,0.2167,0.35,0.4333,3.6154,1,SpinningTop
0.9744,0.0128,0.0128,0.0263,0,0.1212,0.4747,0.404,7.25,1,SpinningTop
0.2444,0.6667,0.0889,3.0909,1,0.1887,0.3774,0.434,4.3,0,SpinningTop
0.4615,0.0769,0.4615,1.1667,1,0.2174,0.3623,0.4203,3.6,0,SpinningTop
0.9737,0.0088,0.0175,0.027,0,0.2045,0.3523,0.4432,3.8889,1,SpinningTop
0.9851,0.0075,0.0075,0.0152,0,0.3056,0.3889,0.3056,2.2727,0,SpinningTop
0.4272,0.0485,0.5243,1.3409,1,0.2551,0.4184,0.3265,2.92,0,SpinningTop
0.8171,0.061,0.122,0.2239,1,0.1791,0.4179,0.403,4.5833,0,SpinningTop
0.7826,0.0435,0.1739,0.2778,1,0.137,0.3973,0.4658,6.3,0,SpinningTop
0.6,0.2,0.2,0.6667,0,0.2059,0.3529,0.4412,3.8571,0,SpinningTop
0.4815,0.4497,0.0688,1.0769,1,0.1939,0.449,0.3571,4.1579,1,SpinningTop
0.963,0.0185,0.0185,0.0385,0,0.2752,0.3221,0.4027,2.6341,1,SpinningTop
0.1975,0.3827,0.4198,4.0625,1,0.1833,0.475,0.3417,4.4545,0,SpinningTop
0.9655,0.0172,0.0172,0.0357,0,0.1959,0.3505,0.4536,4.1053,1,SpinningTop
0.9655,0.0172,0.0172,0.0357,0,0.1579,0.4035,0.4386,5.3333,0,SpinningTop
0.75,0.0833,0.1667,0.3333,0,0.3514,0.3784,0.2703,1.8462,0,SpinningTop
0.4,0.16,0.44,1.5,1,0.25,0.3289,0.4211,3.0,0,SpinningTop
0.8182,0.0909,0.0909,0.2222,0,0.1073,0.4463,0.4463,8.3158,0,SpinningTop
0.8614,0.1205,0.0181,0.1608,1,0.2436,0.359,0.3974,3.1053,1,SpinningTop
0.5664,0.4248,0.0088,0.7656,1,0.3265,0.3878,0.2857,2.0625,1,SpinningTop
0.95,0.025,0.025,0.0526,0,0.1966,0.3371,0.4663,4.0857,1,SpinningTop
0.875,0.0625,0.0625,0.1429,0,0.2121,0.404,0.3838,3.7143,1,SpinningTop
0.9333,0.0333,0.0333,0.0714,0,0.2703,0.3514,0.3784,2.7,1,SpinningTop
0.75,0.125,0.125,0.3333,0,0.2535,0.4225,0.3239,2.9444,0,SpinningTop
0.8125,0.0625,0.125,0.2308,0,0.3333,0.2708,0.3958,2.0,0,SpinningTop
0.0748,0.1402,0.785,12.375,1,0.1932,0.3977,0.4091,4.1765,0,SpinningTop
0.9804,0.0065,0.0131,0.02,0,0.2812,0.375,0.3438,2.5556,0,SpinningTop
0.9817,0.0092,0.0092,0.0187,0,0.2286,0.3143,0.4571,3.375,1,SpinningTop
0.8333,0.0833,0.0833,0.2,0,0.2041,0.3878,0.4082,3.9,1,SpinningTop
0.9,0.05,0.05,0.1111,0,0.2037,0.4074,0.3889,3.9091,0,SpinningTop
0.6102,0.3898,0.0,0.6389,1,0.1275,0.402,0.4706,6.8462,0,SpinningTop
0.3615,0.0077,0.6308,1.766,1,0.1754,0.4035,0.4211,4.7,0,SpinningTop
0.5517,0.1207,0.3276,0.8125,1,0.1224,0.4286,0.449,7.1667,0,SpinningTop
0.9677,0.0161,0.0161,0.0333,0,0.2432,0.3964,0.3604,3.1111,0,SpinningTop
0.9783,0.0109,0.0109,0.0222,0,0.2692,0.3654,0.3654,2.7143,0,SpinningTop
0.9362,0.0213,0.0426,0.0682,0,0.1928,0.3614,0.4458,4.1875,1,SpinningTop
0.6111,0.0,0.3889,0.6364,1,0.1538,0.3654,0.4808,5.5,1,SpinningTop
0.9811,0.0094,0.0094,0.0192,0,0.3026,0.4079,0.2895,2.3043,1,SpinningTop
0.6923,0.1709,0.1368,0.4444,1,0.2174,0.3478,0.4348,3.6,0,SpinningTop
0.9159,0.0,0.0841,0.0918,1,0.2099,0.3333,0.4568,3.7647,1,SpinningTop
0.6269,0.3731,0.0,0.5952,1,0.1692,0.4769,0.3538,4.9091,1,SpinningTop
0.92,0.04,0.04,0.087,0,0.1702,0.4043,0.4255,4.875,0,SpinningTop
0.92,0.04,0.04,0.087,0,0.1831,0.4225,0.3944,4.4615,0,SpinningTop
0.9643,0.0179,0.0179,0.037,0,0.1493,0.4925,0.3582,5.7,1,SpinningTop
0.9375,0.0208,0.0417,0.0667,0,0.2195,0.4146,0.3659,3.5556,0,SpinningTop
0.5,0.3026,0.1974,1.0,1,0.2113,0.3239,0.4648,3.7333,0,SpinningTop
0.9672,0.0164,0.0164,0.0339,0,0.2212,0.3558,0.4231,3.5217,0,SpinningTop
0.9333,0.0,0.0667,0.0714,0,0.2222,0.2778,0.5,3.5,1,SpinningTop
0.9815,0.0,0.0185,0.0189,0,0.1259,0.4667,0.4074,6.9412,1,SpinningTop
0.6718,0.3282,0.0,0.4886,1,0.2043,0.4624,0.3333,3.8947,0,SpinningTop
0.8667,0.0667,0.0667,0.1538,0,0.1528,0.4861,0.3611,5.5455,0,SpinningTop
0.9286,0.0357,0.0357,0.0769,0,0.2297,0.3919,0.3784,3.3529,0,SpinningTop
0.9512,0.0244,0.0244,0.0513,0,0.2165,0.4536,0.3299,3.619,0,SpinningTop
0.4865,0.0946,0.4189,1.0556,1,0.2381,0.4405,0.3214,3.2,0,SpinningTop
0.4909,0.3636,0.1455,1.037,1,0.303,0.2727,0.4242,2.3,1,SpinningTop
0.2908,0.3759,0.3333,2.439,1,0.1333,0.3667,0.5,6.5,1,SpinningTop
0.0857,0.5143,0.4,10.6667,1,0.1774,0.4032,0.4194,4.6364,0,SpinningTop
0.9737,0.0088,0.0175,0.027,0,0.7308,0.2363,0.033,0.3684,1,BullishEngulfing
0.9655,0.0,0.0345,0.0357,0,0.3409,0.1818,0.4773,1.9333,1,BullishEngulfing
0.931,0.0345,0.0345,0.0741,0,0.8765,0.0123,0.1111,0.1408,1,BullishEngulfing
0.9394,0.0303,0.0303,0.0645,0,0.3629,0.4435,0.1935,1.7556,1,BullishEngulfing
0.9375,0.0312,0.0312,0.0667,0,0.9068,0.0497,0.0435,0.1027,1,BullishEngulfing
0.8824,0.0588,0.0588,0.1333,0,0.8851,0.0115,0.1034,0.1299,1,BullishEngulfing
0.8182,0.0,0.1818,0.2222,0,0.9655,0.0,0.0345,0.0357,1,BullishEngulfing
0.8947,0.0526,0.0526,0.1176,0,0.8807,0.0568,0.0625,0.1355,1,BullishEngulfing
0.96,0.02,0.02,0.0417,0,0.9822,0.0059,0.0118,0.0181,1,BullishEngulfing
0.5,0.25,0.25,1.0,0,0.6471,0.098,0.2549,0.5455,1,BullishEngulfing
0.7778,0.1111,0.1111,0.2857,0,0.4576,0.0169,0.5254,1.1852,1,BullishEngulfing
0.5,0.25,0.25,1.0,0,0.4818,0.5182,0.0,1.0755,1,BullishEngulfing
0.8889,0.0556,0.0556,0.125,0,0.6952,0.3048,0.0,0.4384,1,BullishEngulfing
0.6,0.2,0.2,0.6667,0,0.9124,0.0803,0.0073,0.096,1,BullishEngulfing
0.9333,0.0333,0.0333,0.0714,0,0.4172,0.0132,0.5695,1.3968,1,BullishEngulfing
0.9565,0.0145,0.029,0.0455,0,0.9538,0.0462,0.0,0.0484,1,BullishEngulfing
0.9231,0.0385,0.0385,0.0833,0,0.5833,0.1667,0.25,0.7143,1,BullishEngulfing
0.9688,0.0156,0.0156,0.0323,0,0.7692,0.125,0.1058,0.3,1,BullishEngulfing
0.75,0.125,0.125,0.3333,0,0.4306,0.2917,0.2778,1.3226,1,BullishEngulfing
0.8571,0.0952,0.0476,0.1667,0,0.5,0.4464,0.0536,1.0,1,BullishEngulfing
0.981,0.0095,0.0095,0.0194,0,0.6211,0.0617,0.3172,0.6099,1,BullishEngulfing
0.9487,0.0256,0.0256,0.0541,0,0.8278,0.0278,0.1444,0.2081,1,BullishEngulfing
0.9688,0.0,0.0312,0.0323,0,0.8895,0.1047,0.0058,0.1242,1,BullishEngulfing
0.9672,0.0164,0.0164,0.0339,0,0.8543,0.0132,0.1325,0.1705,1,BullishEngulfing
0.9429,0.0286,0.0286,0.0606,0,0.8421,0.0105,0.1474,0.1875,1,BullishEngulfing
0.7273,0.1818,0.0909,0.375,0,0.427,0.1236,0.4494,1.3421,1,BullishEngulfing
0.7143,0.1429,0.1429,0.4,0,0.4133,0.1333,0.4533,1.4194,1,BullishEngulfing
0.973,0.0135,0.0135,0.0278,0,0.6343,0.291,0.0746,0.5765,1,BullishEngulfing
0.9667,0.0,0.0333,0.0345,0,0.8333,0.119,0.0476,0.2,1,BullishEngulfing
0.9545,0.0227,0.0227,0.0476,0,0.5843,0.0843,0.3315,0.7115,1,BullishEngulfing
0.9167,0.0417,0.0417,0.0909,0,0.7167,0.2,0.0833,0.3953,1,BullishEngulfing
0.9875,0.0125,0.0,0.0127,0,0.9742,0.0258,0.0,0.0265,1,BullishEngulfing
0.9667,0.0167,0.0167,0.0345,0,0.7975,0.184,0.0184,0.2538,1,BullishEngulfing
0.9706,0.0147,0.0147,0.0303,0,0.7303,0.0066,0.2632,0.3694,1,BullishEngulfing
0.9636,0.0182,0.0182,0.0377,0,0.6013,0.0654,0.3333,0.663,1,BullishEngulfing
0.9375,0.0312,0.0312,0.0667,0,0.6357,0.3643,0.0,0.5732,1,BullishEngulfing
0.9783,0.0109,0.0109,0.0222,0,0.75,0.0581,0.1919,0.3333,1,BullishEngulfing
0.9375,0.0312,0.0312,0.0667,0,0.8661,0.126,0.0079,0.1545,1,BullishEngulfing
0.8421,0.0526,0.1053,0.1875,0,0.5426,0.2872,0.1702,0.8431,1,BullishEngulfing
0.8889,0.0556,0.0556,0.125,0,0.5341,0.0227,0.4432,0.8723,1,BullishEngulfing
0.8333,0.0833,0.0833,0.2,0,1.0,0.0,0.0,0.0,1,BullishEngulfing
0.7,0.1,0.2,0.4286,0,0.2907,0.6279,0.0814,2.44,1,BullishEngulfing
0.963,0.0,0.037,0.0385,0,0.8657,0.0299,0.1045,0.1552,1,BullishEngulfing
0.9778,0.0111,0.0111,0.0227,0,0.9231,0.0481,0.0288,0.0833,1,BullishEngulfing
0.92,0.04,0.04,0.087,0,0.6449,0.2536,0.1014,0.5506,1,BullishEngulfing
0.9412,0.0196,0.0392,0.0625,0,0.8156,0.1206,0.0638,0.2261,1,BullishEngulfing
0.875,0.0625,0.0625,0.1429,0,0.8497,0.1503,0.0,0.1769,1,BullishEngulfing
0.6,0.2,0.2,0.6667,0,0.7612,0.2239,0.0149,0.3137,1,BullishEngulfing
0.8571,0.0714,0.0714,0.1667,0,0.3455,0.0818,0.5727,1.8947,1,BullishEngulfing
0.9592,0.0204,0.0204,0.0426,0,0.6953,0.2109,0.0938,0.4382,1,BullishEngulfing
0.9429,0.0286,0.0286,0.0606,0,0.6418,0.1567,0.2015,0.5581,1,BullishEngulfing
0.8571,0.0714,0.0714,0.1667,0,0.729,0.0654,0.2056,0.3718,1,BullishEngulfing
0.9,0.0,0.1,0.1111,0,0.52,0.28,0.2,0.9231,1,BullishEngulfing
0.9592,0.0204,0.0204,0.0426,0,0.7431,0.1743,0.0826,0.3457,1,BullishEngulfing
0.8,0.1333,0.0667,0.25,0,0.5811,0.3243,0.0946,0.7209,1,BullishEngulfing
0.9897,0.0,0.0103,0.0104,0,0.7632,0.114,0.1228,0.3103,1,BullishEngulfing
0.7143,0.1429,0.1429,0.4,0,0.7231,0.2769,0.0,0.383,1,BullishEngulfing
0.9821,0.0,0.0179,0.0182,0,0.8482,0.1518,0.0,0.1789,1,BullishEngulfing
0.75,0.125,0.125,0.3333,0,0.758,0.0731,0.1689,0.3193,1,BullishEngulfing
0.9714,0.0,0.0286,0.0294,0,0.8926,0.0579,0.0496,0.1204,1,BullishEngulfing
0.8333,0.0556,0.1111,0.2,0,0.6498,0.2673,0.0829,0.539,1,BullishEngulfing
0.8462,0.0769,0.0769,0.1818,0,0.7451,0.1078,0.1471,0.3421,1,BullishEngulfing
0.9655,0.0172,0.0172,0.0357,0,0.8241,0.0653,0.1106,0.2134,1,BullishEngulfing
0.5714,0.1429,0.2857,0.75,0,0.8193,0.1325,0.0482,0.2206,1,BullishEngulfing
0.9,0.05,0.05,0.1111,0,0.75,0.25,0.0,0.3333,1,BullishEngulfing
0.9565,0.0217,0.0217,0.0455,0,0.3882,0.5329,0.0789,1.5763,1,BullishEngulfing
0.9565,0.0,0.0435,0.0455,0,0.5806,0.4194,0.0,0.7222,1,BullishEngulfing
0.6667,0.1667,0.1667,0.5,0,0.5616,0.3151,0.1233,0.7805,1,BullishEngulfing
0.7143,0.1429,0.1429,0.4,0,0.2464,0.1159,0.6377,3.0588,1,BullishEngulfing
0.9623,0.0189,0.0189,0.0392,0,0.614,0.3596,0.0263,0.6286,1,BullishEngulfing
0.9189,0.027,0.0541,0.0882,0,0.7629,0.2062,0.0309,0.3108,1,BullishEngulfing
0.9333,0.0333,0.0333,0.0714,0,0.4359,0.2735,0.2906,1.2941,1,BullishEngulfing
0.9474,0.0263,0.0263,0.0556,0,0.809,0.191,0.0,0.2361,1,BullishEngulfing
0.9773,0.0,0.0227,0.0233,0,0.5435,0.1159,0.3406,0.84,1,BullishEngulfing
0.913,0.0435,0.0435,0.0952,0,0.6574,0.1667,0.1759,0.5211,1,BullishEngulfing
0.9,0.05,0.05,0.1111,0,0.6122,0.2857,0.102,0.6333,1,BullishEngulfing
0.5,0.25,0.25,1.0,0,0.7625,0.225,0.0125,0.3115,1,BullishEngulfing
0.9545,0.0,0.0455,0.0476,0,0.8374,0.1626,0.0,0.1942,1,BullishEngulfing
0.9512,0.0244,0.0244,0.0513,0,0.4643,0.125,0.4107,1.1538,1,BullishEngulfing
0.9167,0.0417,0.0417,0.0909,0,0.6039,0.3182,0.0779,0.6559,1,BullishEngulfing
0.9825,0.0,0.0175,0.0179,0,0.6831,0.0984,0.2186,0.464,1,BullishEngulfing
0.7778,0.1111,0.1111,0.2857,0,0.814,0.186,0.0,0.2286,1,BullishEngulfing
0.9785,0.0108,0.0108,0.022,0,0.8505,0.0935,0.0561,0.1758,1,BullishEngulfing
0.9592,0.0204,0.0204,0.0426,0,0.6364,0.1061,0.2576,0.5714,1,BullishEngulfing
0.9701,0.0149,0.0149,0.0308,0,0.7945,0.0776,0.1279,0.2586,1,BullishEngulfing
0.9444,0.0,0.0556,0.0588,0,0.6777,0.1901,0.1322,0.4756,1,BullishEngulfing
0.7273,0.0909,0.1818,0.375,0,0.4429,0.2571,0.3,1.2581,1,BullishEngulfing
0.9,0.05,0.05,0.1111,0,0.9327,0.0577,0.0096,0.0722,1,BullishEngulfing
0.8462,0.0769,0.0769,0.1818,0,0.66,0.1333,0.2067,0.5152,1,BullishEngulfing
0.9167,0.0417,0.0417,0.0909,0,0.7518,0.0365,0.2117,0.3301,1,BullishEngulfing
0.9259,0.037,0.037,0.08,0,0.5799,0.1302,0.2899,0.7245,1,BullishEngulfing
0.8182,0.0909,0.0909,0.2222,0,0.7174,0.1304,0.1522,0.3939,1,BullishEngulfing
0.8333,0.1111,0.0556,0.2,0,0.8143,0.1,0.0857,0.2281,1,BullishEngulfing
0.8333,0.0833,0.0833,0.2,0,0.624,0.16,0.216,0.6026,1,BullishEngulfing
0.8667,0.0667,0.0667,0.1538,0,0.9659,0.0341,0.0,0.0353,1,BullishEngulfing
0.9167,0.0417,0.0417,0.0909,0,0.7436,0.0513,0.2051,0.3448,1,BullishEngulfing
0.5,0.25,0.25,1.0,0,0.7687,0.102,0.1293,0.3009,1,BullishEngulfing
0.7692,0.1538,0.0769,0.3,0,0.75,0.15,0.1,0.3333,1,BullishEngulfing
0.8,0.0667,0.1333,0.25,0,0.878,0.122,0.0,0.1389,1,BullishEngulfing
0.8125,0.0625,0.125,0.2308,0,0.7027,0.2838,0.0135,0.4231,1,BullishEngulfing
0.913,0.0435,0.0435,0.0952,0,0.7063,0.0635,0.2302,0.4157,1,BullishEngulfing
0.3333,0.3333,0.3333,2.0,0,0.1932,0.125,0.6818,4.1765,1,BullishEngulfing
0.8,0.1,0.1,0.25,0,0.5062,0.179,0.3148,0.9756,1,BullishEngulfing
0.9714,0.0,0.0286,0.0294,0,0.5361,0.4639,0.0,0.8654,1,BullishEngulfing
0.9697,0.0152,0.0152,0.0312,0,0.8091,0.0545,0.1364,0.236,1,BullishEngulfing
0.9775,0.0112,0.0112,0.023,0,0.7826,0.0593,0.1581,0.2778,1,BullishEngulfing
0.9556,0.0222,0.0222,0.0465,0,0.6488,0.0893,0.2619,0.5413,1,BullishEngulfing
0.8667,0.0667,0.0667,0.1538,0,0.7429,0.2143,0.0429,0.3462,1,BullishEngulfing
0.9851,0.0,0.0149,0.0152,0,0.8761,0.1062,0.0177,0.1414,1,BullishEngulfing
0.9784,0.0072,0.0144,0.0221,0,0.8063,0.0791,0.1146,0.2402,1,BullishEngulfing
0.8,0.0667,0.1333,0.25,0,0.2364,0.2,0.5636,3.2308,1,BullishEngulfing
0.9692,0.0154,0.0154,0.0317,0,0.7736,0.1604,0.066,0.2927,1,BullishEngulfing
0.9429,0.0286,0.0286,0.0606,0,0.6395,0.1977,0.1628,0.5636,1,BullishEngulfing
0.5,0.25,0.25,1.0,0,0.7875,0.0625,0.15,0.2698,1,BullishEngulfing
0.9355,0.0323,0.0323,0.069,0,0.9587,0.0413,0.0,0.0431,1,BullishEngulfing
0.9508,0.0164,0.0328,0.0517,0,0.7266,0.0647,0.2086,0.3762,1,BullishEngulfing
0.9355,0.0323,0.0323,0.069,0,0.2543,0.185,0.5607,2.9318,1,BullishEngulfing
0.9661,0.0169,0.0169,0.0351,0,0.7763,0.2237,0.0,0.2881,1,BullishEngulfing
0.8889,0.0556,0.0556,0.125,0,0.4839,0.4839,0.0323,1.0667,1,BullishEngulfing
0.875,0.0625,0.0625,0.1429,0,0.4824,0.4235,0.0941,1.0732,1,BullishEngulfing
0.9362,0.0213,0.0426,0.0682,0,0.9333,0.0571,0.0095,0.0714,1,BullishEngulfing
0.95,0.025,0.025,0.0526,0,0.8458,0.0417,0.1125,0.1823,1,BullishEngulfing
0.9556,0.0222,0.0222,0.0465,0,0.7872,0.0957,0.117,0.2703,1,BullishEngulfing
0.9091,0.0455,0.0455,0.1,0,0.5714,0.0317,0.3968,0.75,1,BullishEngulfing
0.9211,0.0526,0.0263,0.0857,0,0.7955,0.0455,0.1591,0.2571,1,BullishEngulfing
0.8824,0.0588,0.0588,0.1333,0,0.92,0.02,0.06,0.087,1,BullishEngulfing
0.9474,0.0263,0.0263,0.0556,0,0.7667,0.2167,0.0167,0.3043,1,BullishEngulfing
0.7778,0.1111,0.1111,0.2857,0,0.4615,0.4872,0.0513,1.1667,1,BullishEngulfing
0.75,0.125,0.125,0.3333,0,0.2885,0.6731,0.0385,2.4667,1,BullishEngulfing
0.7778,0.1111,0.1111,0.2857,0,0.5,0.0294,0.4706,1.0,1,BullishEngulfing
0.9459,0.027,0.027,0.0571,0,0.8165,0.0367,0.1468,0.2247,1,BullishEngulfing
0.6667,0.1667,0.1667,0.5,0,0.9884,0.0116,0.0,0.0118,1,BullishEngulfing
0.9388,0.0204,0.0408,0.0652,0,0.8842,0.0842,0.0316,0.131,1,BullishEngulfing
0.9512,0.0244,0.0244,0.0513,0,0.7015,0.1269,0.1716,0.4255,1,BullishEngulfing
0.8571,0.0714,0.0714,0.1667,0,0.7922,0.013,0.1948,0.2623,1,BullishEngulfing
0.9524,0.0317,0.0159,0.05,0,0.95,0.01,0.04,0.0526,1,BullishEngulfing
0.9375,0.0208,0.0417,0.0667,0,0.9524,0.006,0.0417,0.05,1,BullishEngulfing
0.9681,0.0213,0.0106,0.033,0,0.994,0.006,0.0,0.006,1,BullishEngulfing
0.9231,0.0385,0.0385,0.0833,0,0.8317,0.1089,0.0594,0.2024,1,BullishEngulfing
0.9,0.0667,0.0333,0.1111,0,0.7612,0.0299,0.209,0.3137,1,BullishEngulfing
0.75,0.125,0.125,0.3333,0,0.8095,0.0952,0.0952,0.2353,1,BullishEngulfing
0.9048,0.0476,0.0476,0.1053,0,0.5966,0.0588,0.3445,0.6761,1,BullishEngulfing
0.5,0.25,0.25,1.0,0,0.4286,0.1837,0.3878,1.3333,1,BullishEngulfing
0.9623,0.0189,0.0189,0.0392,0,0.879,0.0927,0.0282,0.1376,1,BullishEngulfing
0.9,0.05,0.05,0.1111,0,0.8889,0.085,0.0261,0.125,1,BullishEngulfing
0.9615,0.0192,0.0192,0.04,0,0.5036,0.4891,0.0073,0.9855,1,BullishEngulfing
0.8889,0.0556,0.0556,0.125,0,0.7538,0.2462,0.0,0.3265,1,BullishEngulfing
0.9778,0.0,0.0222,0.0227,0,0.9237,0.0763,0.0,0.0826,1,BullishEngulfing
0.9492,0.0169,0.0339,0.0536,0,0.8814,0.1017,0.0169,0.1346,1,BullishEngulfing
0.8333,0.0833,0.0833,0.2,0,0.4242,0.3939,0.1818,1.3571,1,BullishEngulfing
0.7778,0.1111,0.1111,0.2857,0,0.9583,0.0278,0.0139,0.0435,1,BullishEngulfing
0.8667,0.0667,0.0667,0.1538,0,0.6984,0.1905,0.1111,0.4318,1,BullishEngulfing
0.92,0.04,0.04,0.087,0,0.381,0.0476,0.5714,1.625,1,BullishEngulfing
0.7778,0.1111,0.1111,0.2857,0,0.641,0.0897,0.2692,0.56,1,BullishEngulfing
0.4,0.2,0.4,1.5,0,0.5859,0.2727,0.1414,0.7069,1,BullishEngulfing
0.9455,0.0182,0.0364,0.0577,0,0.5584,0.2143,0.2273,0.7907,1,BullishEngulfing
0.8333,0.0833,0.0833,0.2,0,0.1828,0.5591,0.2581,4.4706,1,BullishEngulfing
0.8824,0.0588,0.0588,0.1333,0,0.8017,0.069,0.1293,0.2473,1,BullishEngulfing
0.9762,0.0119,0.0119,0.0244,0,0.7927,0.1244,0.0829,0.2614,1,BullishEngulfing
0.9556,0.0222,0.0222,0.0465,0,0.6947,0.2,0.1053,0.4394,1,BullishEngulfing
0.3333,0.3333,0.3333,2.0,0,0.843,0.0331,0.124,0.1863,1,BullishEngulfing
0.9355,0.0323,0.0323,0.069,0,0.784,0.0741,0.142,0.2756,1,BullishEngulfing
0.9767,0.0116,0.0116,0.0238,0,0.7075,0.1265,0.166,0.4134,1,BullishEngulfing
0.96,0.02,0.02,0.0417,0,0.5625,0.4271,0.0104,0.7778,1,BullishEngulfing
0.25,0.5,0.25,3.0,0,0.6809,0.1915,0.1277,0.4688,1,BullishEngulfing
0.8,0.1,0.1,0.25,0,0.2945,0.4356,0.2699,2.3958,1,BullishEngulfing
0.8235,0.1176,0.0588,0.2143,0,0.6232,0.029,0.3478,0.6047,1,BullishEngulfing
0.8824,0.0588,0.0588,0.1333,0,0.219,0.619,0.1619,3.5652,1,BullishEngulfing
0.75,0.125,0.125,0.3333,0,0.5319,0.3298,0.1383,0.88,1,BullishEngulfing
0.9663,0.0112,0.0225,0.0349,0,0.5758,0.3939,0.0303,0.7368,1,BullishEngulfing
0.875,0.0625,0.0625,0.1429,0,0.75,0.2115,0.0385,0.3333,1,BullishEngulfing
0.6,0.2,0.2,0.6667,0,0.9134,0.0315,0.0551,0.0948,1,BullishEngulfing
0.9767,0.0116,0.0116,0.0238,0,0.7655,0.0966,0.1379,0.3063,1,BullishEngulfing
0.6667,0.1667,0.1667,0.5,0,0.8031,0.063,0.1339,0.2451,1,BullishEngulfing
0.7857,0.0714,0.1429,0.2727,0,0.2466,0.5205,0.2329,3.0556,1,BullishEngulfing
0.9412,0.0294,0.0294,0.0625,0,0.5445,0.1832,0.2723,0.8365,1,BullishEngulfing
0.9565,0.0217,0.0217,0.0455,0,0.7308,0.1615,0.1077,0.3684,1,BullishEngulfing
0.9592,0.0,0.0408,0.0426,0,0.7805,0.2073,0.0122,0.2812,1,BullishEngulfing
0.8,0.1333,0.0667,0.25,0,0.3538,0.4308,0.2154,1.8261,1,BullishEngulfing
0.7143,0.1429,0.1429,0.4,0,0.5696,0.2278,0.2025,0.7556,1,BullishEngulfing
0.5,0.3333,0.1667,1.0,0,0.5862,0.046,0.3678,0.7059,1,BullishEngulfing
0.9167,0.0417,0.0417,0.0909,0,0.4303,0.0727,0.497,1.3239,1,BullishEngulfing
0.75,0.125,0.125,0.3333,0,0.9278,0.0412,0.0309,0.0778,1,BullishEngulfing
0.875,0.0625,0.0625,0.1429,0,0.7312,0.086,0.1828,0.3676,1,BullishEngulfing
0.75,0.125,0.125,0.3333,0,0.4938,0.4938,0.0123,1.025,1,BullishEngulfing
0.9048,0.0476,0.0476,0.1053,0,0.6044,0.3846,0.011,0.6545,1,BullishEngulfing
0.8462,0.0769,0.0769,0.1818,0,0.6632,0.057,0.2798,0.5078,1,BullishEngulfing
0.9655,0.0115,0.023,0.0357,0,0.7413,0.0979,0.1608,0.3491,1,BullishEngulfing
0.9333,0.0333,0.0333,0.0714,0,0.4061,0.1333,0.4606,1.4627,1,BullishEngulfing
0.8667,0.0667,0.0667,0.1538,0,0.8435,0.0748,0.0816,0.1855,1,BullishEngulfing
0.8462,0.0769,0.0769,0.1818,0,0.33,0.12,0.55,2.0303,1,BullishEngulfing
0.931,0.0345,0.0345,0.0741,0,0.5379,0.1448,0.3172,0.859,1,BullishEngulfing
0.9778,0.0111,0.0111,0.0227,0,0.7136,0.0364,0.25,0.4013,1,BullishEngulfing
0.9048,0.0476,0.0476,0.1053,0,0.8272,0.0453,0.1276,0.209,1,BullishEngulfing
0.8889,0.1111,0.0,0.125,0,0.8378,0.0,0.1622,0.1935,1,BullishEngulfing
0.9545,0.0227,0.0227,0.0476,0,0.6066,0.1721,0.2213,0.6486,1,BullishEngulfing
0.962,0.0127,0.0253,0.0395,0,0.896,0.0644,0.0396,0.116,1,BullishEngulfing
0.9667,0.0,0.0333,0.0345,0,0.7459,0.1602,0.0939,0.3407,1,BullishEngulfing
0.7143,0.1429,0.1429,0.4,0,0.5099,0.0861,0.404,0.961,1,BullishEngulfing
0.9847,0.0076,0.0076,0.0155,0,0.7867,0.0222,0.1911,0.2712,1,BullishEngulfing
0.1728,0.3827,0.4444,4.7857,1,0.8307,0.0,0.1693,0.2038,0,BearishEngulfing
0.3023,0.6977,0.0,2.3077,1,0.52,0.04,0.44,0.9231,0,BearishEngulfing
0.3,0.15,0.55,2.3333,1,0.6885,0.1148,0.1967,0.4524,0,BearishEngulfing
0.4,0.0909,0.5091,1.5,1,0.7683,0.0854,0.1463,0.3016,0,BearishEngulfing
0.0976,0.3659,0.5366,9.25,1,0.7203,0.0508,0.2288,0.3882,0,BearishEngulfing
0.1231,0.7231,0.1538,7.125,1,0.596,0.202,0.202,0.678,0,BearishEngulfing
0.375,0.4896,0.1354,1.6667,1,0.6091,0.2487,0.1421,0.6417,0,BearishEngulfing
0.2326,0.0698,0.6977,3.3,1,0.9125,0.0,0.0875,0.0959,0,BearishEngulfing
0.3883,0.3981,0.2136,1.575,1,0.5,0.3776,0.1224,1.0,0,BearishEngulfing
0.8235,0.0074,0.1691,0.2143,1,0.7431,0.0711,0.1858,0.3457,0,BearishEngulfing
0.1486,0.2162,0.6351,5.7273,1,0.451,0.2353,0.3137,1.2174,0,BearishEngulfing
0.2326,0.6512,0.1163,3.3,1,0.7021,0.1596,0.1383,0.4242,0,BearishEngulfing
0.562,0.438,0.0,0.7794,1,0.7817,0.1624,0.0558,0.2792,0,BearishEngulfing
0.0741,0.1852,0.7407,12.5,1,0.7257,0.1239,0.1504,0.378,0,BearishEngulfing
0.53,0.0,0.47,0.8868,1,0.9286,0.0429,0.0286,0.0769,0,BearishEngulfing
0.2568,0.4189,0.3243,2.8947,1,0.8243,0.0135,0.1622,0.2131,0,BearishEngulfing
0.2394,0.5211,0.2394,3.1765,1,0.6286,0.219,0.1524,0.5909,0,BearishEngulfing
0.3111,0.2444,0.4444,2.2143,1,0.936,0.016,0.048,0.0684,0,BearishEngulfing
0.2121,0.4848,0.303,3.7143,1,0.8022,0.1868,0.011,0.2466,0,BearishEngulfing
0.3,0.2143,0.4857,2.3333,1,0.822,0.0424,0.1356,0.2165,0,BearishEngulfing
0.6901,0.3099,0.0,0.449,1,0.8696,0.0483,0.0821,0.15,0,BearishEngulfing
0.3884,0.1488,0.4628,1.5745,1,0.9283,0.0717,0.0,0.0773,0,BearishEngulfing
0.3294,0.5647,0.1059,2.0357,1,0.8354,0.0443,0.1203,0.197,0,BearishEngulfing
0.0513,0.4872,0.4615,18.5,1,0.381,0.381,0.2381,1.625,0,BearishEngulfing
0.3684,0.2895,0.3421,1.7143,1,0.6234,0.1558,0.2208,0.6042,0,BearishEngulfing
0.068,0.6505,0.2816,13.7143,1,0.9195,0.0057,0.0747,0.0875,0,BearishEngulfing
0.1081,0.7297,0.1622,8.25,1,0.4583,0.125,0.4167,1.1818,0,BearishEngulfing
0.1538,0.0897,0.7564,5.5,1,0.7253,0.0,0.2747,0.3788,0,BearishEngulfing
0.413,0.0652,0.5217,1.4211,1,0.5701,0.0187,0.4112,0.7541,0,BearishEngulfing
0.5286,0.3429,0.1286,0.8919,1,0.8906,0.0703,0.0391,0.1228,0,BearishEngulfing
0.2051,0.3333,0.4615,3.875,1,0.5691,0.1626,0.2683,0.7571,0,BearishEngulfing
0.3797,0.1899,0.4304,1.6333,1,0.9805,0.0,0.0195,0.0199,0,BearishEngulfing
0.6452,0.2419,0.1129,0.55,1,0.7182,0.2273,0.0545,0.3924,0,BearishEngulfing
0.3377,0.2078,0.4545,1.9615,1,0.6627,0.1446,0.1928,0.5091,0,BearishEngulfing
0.5,0.5,0.0,1.0,1,0.6667,0.239,0.0943,0.5,0,BearishEngulfing
0.3559,0.4407,0.2034,1.8095,1,0.8235,0.0756,0.1008,0.2143,0,BearishEngulfing
0.0889,0.0444,0.8667,10.25,1,0.6822,0.2897,0.028,0.4658,0,BearishEngulfing
0.3857,0.6,0.0143,1.5926,1,0.3826,0.3478,0.2696,1.6136,0,BearishEngulfing
0.32,0.42,0.26,2.125,1,0.746,0.0524,0.2016,0.3405,0,BearishEngulfing
0.7563,0.0924,0.1513,0.3222,1,0.9486,0.0158,0.0356,0.0542,0,BearishEngulfing
0.2243,0.1215,0.6542,3.4583,1,0.4803,0.3465,0.1732,1.082,0,BearishEngulfing
0.3846,0.4615,0.1538,1.6,1,0.6961,0.2353,0.0686,0.4366,0,BearishEngulfing
0.1236,0.236,0.6404,7.0909,1,0.3797,0.4937,0.1266,1.6333,0,BearishEngulfing
0.1735,0.6939,0.1327,4.7647,1,0.4839,0.2796,0.2366,1.0667,0,BearishEngulfing
0.8,0.2,0.0,0.25,1,0.4621,0.2879,0.25,1.1639,0,BearishEngulfing
0.0938,0.6562,0.25,9.6667,1,0.9182,0.0,0.0818,0.0891,0,BearishEngulfing
0.2381,0.2222,0.5397,3.2,1,0.8026,0.0,0.1974,0.246,0,BearishEngulfing
0.2727,0.2879,0.4394,2.6667,1,0.9016,0.0,0.0984,0.1091,0,BearishEngulfing
0.0192,0.4808,0.5,51.0,1,0.7647,0.1029,0.1324,0.3077,0,BearishEngulfing
0.0541,0.8378,0.1081,17.5,1,0.6833,0.0667,0.25,0.4634,0,BearishEngulfing
0.0227,0.6364,0.3409,43.0,1,0.5213,0.3191,0.1596,0.9184,0,BearishEngulfing
0.2848,0.3671,0.3481,2.5111,1,0.4597,0.3468,0.1935,1.1754,0,BearishEngulfing
0.2784,0.1546,0.567,2.5926,1,0.5943,0.0472,0.3585,0.6825,0,BearishEngulfing
0.9231,0.0769,0.0,0.0833,1,0.8333,0.0,0.1667,0.2,0,BearishEngulfing
0.025,0.675,0.3,39.0,1,0.4896,0.3542,0.1562,1.0426,0,BearishEngulfing
0.6905,0.2381,0.0714,0.4483,1,0.7183,0.0141,0.2676,0.3922,0,BearishEngulfing
0.1096,0.4247,0.4658,8.125,1,0.4465,0.1006,0.4528,1.2394,0,BearishEngulfing
0.25,0.1429,0.6071,3.0,1,0.6395,0.1837,0.1769,0.5638,0,BearishEngulfing
0.625,0.1607,0.2143,0.6,1,0.5989,0.0395,0.3616,0.6698,0,BearishEngulfing
0.2254,0.2113,0.5634,3.4375,1,0.6019,0.2718,0.1262,0.6613,0,BearishEngulfing
0.6071,0.2321,0.1607,0.6471,1,0.9143,0.0,0.0857,0.0938,0,BearishEngulfing
0.2105,0.7895,0.0,3.75,1,0.5465,0.3372,0.1163,0.8298,0,BearishEngulfing
0.3619,0.3238,0.3143,1.7632,1,0.8973,0.0324,0.0703,0.1145,0,BearishEngulfing
0.6017,0.0678,0.3305,0.662,1,0.9139,0.0478,0.0383,0.0942,0,BearishEngulfing
0.0988,0.5556,0.3457,9.125,1,0.2636,0.5455,0.1909,2.7931,0,BearishEngulfing
0.3636,0.5909,0.0455,1.75,1,0.6471,0.2157,0.1373,0.5455,0,BearishEngulfing
0.3,0.46,0.24,2.3333,1,0.8816,0.0,0.1184,0.1343,0,BearishEngulfing
0.3857,0.5,0.1143,1.5926,1,0.8308,0.0154,0.1538,0.2037,0,BearishEngulfing
0.2371,0.2784,0.4845,3.2174,1,0.88,0.0,0.12,0.1364,0,BearishEngulfing
0.4336,0.0973,0.469,1.3061,1,0.7697,0.0,0.2303,0.2993,0,BearishEngulfing
0.6516,0.0839,0.2645,0.5347,1,0.7239,0.0245,0.2515,0.3814,0,BearishEngulfing
0.2895,0.3026,0.4079,2.4545,1,0.5461,0.1053,0.3487,0.8313,0,BearishEngulfing
0.4468,0.1064,0.4468,1.2381,1,0.7738,0.0,0.2262,0.2923,0,BearishEngulfing
0.075,0.75,0.175,12.3333,1,0.75,0.1389,0.1111,0.3333,0,BearishEngulfing
0.675,0.325,0.0,0.4815,1,0.8667,0.0,0.1333,0.1538,0,BearishEngulfing
0.3204,0.3301,0.3495,2.1212,1,0.7901,0.0552,0.1547,0.2657,0,BearishEngulfing
0.2045,0.6023,0.1932,3.8889,1,0.7248,0.0642,0.211,0.3797,0,BearishEngulfing
0.1444,0.1556,0.7,5.9231,1,0.7327,0.1881,0.0792,0.3649,0,BearishEngulfing
0.0549,0.7253,0.2198,17.2,1,0.803,0.0,0.197,0.2453,0,BearishEngulfing
0.2356,0.2816,0.4828,3.2439,1,0.5583,0.175,0.2667,0.791,0,BearishEngulfing
0.1343,0.6119,0.2537,6.4444,1,0.5796,0.1083,0.3121,0.7253,0,BearishEngulfing
0.0144,0.5971,0.3885,68.5,1,0.3694,0.2297,0.4009,1.7073,0,BearishEngulfing
0.3854,0.1562,0.4583,1.5946,1,0.7048,0.2687,0.0264,0.4188,0,BearishEngulfing
0.4219,0.1094,0.4688,1.3704,1,0.7692,0.1329,0.0979,0.3,0,BearishEngulfing
0.0526,0.2237,0.7237,18.0,1,0.274,0.5205,0.2055,2.65,0,BearishEngulfing
0.7,0.1556,0.1444,0.4286,1,0.6145,0.0838,0.3017,0.6273,0,BearishEngulfing
0.3333,0.6667,0.0,2.0,1,0.6966,0.2207,0.0828,0.4356,0,BearishEngulfing
0.1176,0.4706,0.4118,7.5,1,0.11,0.15,0.74,8.0909,0,BearishEngulfing
0.4412,0.4853,0.0735,1.2667,1,0.7733,0.0,0.2267,0.2931,0,BearishEngulfing
0.3295,0.5114,0.1591,2.0345,1,0.5847,0.1356,0.2797,0.7101,0,BearishEngulfing
0.0323,0.2016,0.7661,30.0,1,0.8125,0.0804,0.1071,0.2308,0,BearishEngulfing
0.1892,0.1081,0.7027,4.2857,1,0.7714,0.0762,0.1524,0.2963,0,BearishEngulfing
0.5338,0.2256,0.2406,0.8732,1,0.8667,0.05,0.0833,0.1538,0,BearishEngulfing
0.74,0.23,0.03,0.3514,1,0.3248,0.0214,0.6538,2.0789,0,BearishEngulfing
0.3871,0.4516,0.1613,1.5833,1,0.75,0.1923,0.0577,0.3333,0,BearishEngulfing
0.7143,0.1238,0.1619,0.4,1,0.8566,0.0,0.1434,0.1675,0,BearishEngulfing
0.0851,0.3298,0.5851,10.75,1,0.6694,0.1736,0.157,0.4938,0,BearishEngulfing
0.6176,0.3824,0.0,0.619,1,0.766,0.1064,0.1277,0.3056,0,BearishEngulfing
0.4074,0.2593,0.3333,1.4545,1,0.7188,0.0,0.2812,0.3913,0,BearishEngulfing
0.575,0.4,0.025,0.7391,1,0.3465,0.4851,0.1683,1.8857,0,BearishEngulfing
0.2674,0.5349,0.1977,2.7391,1,0.766,0.0709,0.1631,0.3056,0,BearishEngulfing
0.275,0.475,0.25,2.6364,1,0.84,0.0,0.16,0.1905,0,BearishEngulfing
0.6838,0.1985,0.1176,0.4624,1,0.87,0.0404,0.0897,0.1495,0,BearishEngulfing
0.3804,0.5276,0.092,1.629,1,0.8901,0.0524,0.0576,0.1235,0,BearishEngulfing
0.2237,0.7237,0.0526,3.4706,1,0.55,0.15,0.3,0.8182,0,BearishEngulfing
0.4096,0.5422,0.0482,1.4412,1,0.8714,0.1214,0.0071,0.1475,0,BearishEngulfing
0.6,0.3692,0.0308,0.6667,1,0.9935,0.0065,0.0,0.0065,0,BearishEngulfing
0.0351,0.5614,0.4035,27.5,1,0.8475,0.0,0.1525,0.18,0,BearishEngulfing
0.3509,0.5526,0.0965,1.85,1,0.4755,0.4056,0.1189,1.1029,0,BearishEngulfing
0.1957,0.6739,0.1304,4.1111,1,0.6482,0.3281,0.0237,0.5427,0,BearishEngulfing
0.2717,0.7174,0.0109,2.68,1,0.8519,0.0185,0.1296,0.1739,0,BearishEngulfing
0.0952,0.3452,0.5595,9.5,1,0.7557,0.0687,0.1756,0.3232,0,BearishEngulfing
0.1449,0.5507,0.3043,5.9,1,0.6344,0.0,0.3656,0.5763,0,BearishEngulfing
0.3595,0.1046,0.5359,1.7818,1,0.7532,0.1818,0.0649,0.3276,0,BearishEngulfing
0.1912,0.1765,0.6324,4.2308,1,0.3958,0.3333,0.2708,1.5263,0,BearishEngulfing
0.125,0.4667,0.4083,7.0,1,0.7095,0.0676,0.223,0.4095,0,BearishEngulfing
0.186,0.7907,0.0233,4.375,1,0.6726,0.3097,0.0177,0.4868,0,BearishEngulfing
0.7926,0.0074,0.2,0.2617,1,0.9108,0.0,0.0892,0.0979,0,BearishEngulfing
0.3553,0.6316,0.0132,1.8148,1,0.4749,0.0838,0.4413,1.1059,0,BearishEngulfing
0.5156,0.1562,0.3281,0.9394,1,0.6786,0.0714,0.25,0.4737,0,BearishEngulfing
0.1507,0.1233,0.726,5.6364,1,0.8667,0.1,0.0333,0.1538,0,BearishEngulfing
0.493,0.2676,0.2394,1.0286,1,0.7965,0.1504,0.0531,0.2556,0,BearishEngulfing
0.2462,0.0923,0.6615,3.0625,1,0.825,0.175,0.0,0.2121,0,BearishEngulfing
0.7111,0.1111,0.1778,0.4062,1,0.913,0.0109,0.0761,0.0952,0,BearishEngulfing
0.5745,0.4255,0.0,0.7407,1,0.6667,0.1795,0.1538,0.5,0,BearishEngulfing
0.3636,0.0455,0.5909,1.75,1,0.9351,0.039,0.026,0.0694,0,BearishEngulfing
0.0638,0.234,0.7021,14.6667,1,0.4844,0.2812,0.2344,1.0645,0,BearishEngulfing
0.0847,0.4746,0.4407,10.8,1,0.9176,0.0706,0.0118,0.0897,0,BearishEngulfing
0.4902,0.4706,0.0392,1.04,1,0.7532,0.0,0.2468,0.3276,0,BearishEngulfing
0.9706,0.0,0.0294,0.0303,1,0.7353,0.0882,0.1765,0.36,0,BearishEngulfing
0.1933,0.7815,0.0252,4.1739,1,0.8198,0.036,0.1441,0.2198,0,BearishEngulfing
0.125,0.3958,0.4792,7.0,1,0.6866,0.0746,0.2388,0.4565,0,BearishEngulfing
0.4381,0.4433,0.1186,1.2824,1,0.9015,0.0,0.0985,0.1092,0,BearishEngulfing
0.6429,0.0,0.3571,0.5556,1,0.8333,0.0789,0.0877,0.2,0,BearishEngulfing
0.6914,0.2593,0.0494,0.4464,1,0.6842,0.0478,0.2679,0.4615,0,BearishEngulfing
0.6875,0.0417,0.2708,0.4545,1,0.5847,0.4068,0.0085,0.7101,0,BearishEngulfing
0.337,0.6304,0.0326,1.9677,1,0.7938,0.0,0.2062,0.2597,0,BearishEngulfing
0.0143,0.8,0.1857,69.0,1,0.2604,0.4688,0.2708,2.84,0,BearishEngulfing
0.6111,0.2778,0.1111,0.6364,1,0.7059,0.1765,0.1176,0.4167,0,BearishEngulfing
0.5825,0.0583,0.3592,0.7167,1,0.7829,0.1029,0.1143,0.2774,0,BearishEngulfing
0.549,0.451,0.0,0.8214,1,0.7273,0.1591,0.1136,0.375,0,BearishEngulfing
0.0755,0.3774,0.5472,12.25,1,0.6491,0.2105,0.1404,0.5405,0,BearishEngulfing
0.1707,0.4756,0.3537,4.8571,1,0.8544,0.0,0.1456,0.1705,0,BearishEngulfing
0.4154,0.5231,0.0615,1.4074,1,0.8239,0.0314,0.1447,0.2137,0,BearishEngulfing
0.2745,0.1176,0.6078,2.6429,1,0.5753,0.1096,0.3151,0.7381,0,BearishEngulfing
0.5833,0.1833,0.2333,0.7143,1,0.8,0.1077,0.0923,0.25,0,BearishEngulfing
0.3453,0.1367,0.518,1.8958,1,0.5436,0.2148,0.2416,0.8395,0,BearishEngulfing
0.8085,0.1915,0.0,0.2368,1,0.8046,0.0,0.1954,0.2429,0,BearishEngulfing
0.6195,0.115,0.2655,0.6143,1,0.7895,0.0702,0.1404,0.2667,0,BearishEngulfing
0.208,0.584,0.208,3.8077,1,0.5472,0.217,0.2358,0.8276,0,BearishEngulfing
0.7874,0.0787,0.1339,0.27,1,0.8502,0.0,0.1498,0.1762,0,BearishEngulfing
0.2933,0.3067,0.4,2.4091,1,0.863,0.0,0.137,0.1587,0,BearishEngulfing
0.082,0.3115,0.6066,11.2,1,0.5882,0.3431,0.0686,0.7,0,BearishEngulfing
0.3333,0.5354,0.1313,2.0,1,0.4719,0.0112,0.5169,1.119,0,BearishEngulfing
0.1959,0.4433,0.3608,4.1053,1,0.8462,0.0,0.1538,0.1818,0,BearishEngulfing
0.2804,0.5234,0.1963,2.5667,1,0.8272,0.0864,0.0864,0.209,0,BearishEngulfing
0.0909,0.7273,0.1818,10.0,1,0.5672,0.2537,0.1791,0.7632,0,BearishEngulfing
0.0588,0.8824,0.0588,16.0,1,0.614,0.2281,0.1579,0.6286,0,BearishEngulfing
0.2881,0.3983,0.3136,2.4706,1,0.77,0.169,0.061,0.2988,0,BearishEngulfing
0.5455,0.1558,0.2987,0.8333,1,0.9121,0.0,0.0879,0.0964,0,BearishEngulfing
0.051,0.102,0.8469,18.6,1,0.5956,0.0588,0.3456,0.679,0,BearishEngulfing
0.2012,0.3314,0.4675,3.9706,1,0.9267,0.0,0.0733,0.0791,0,BearishEngulfing
0.5541,0.1216,0.3243,0.8049,1,0.8941,0.0,0.1059,0.1184,0,BearishEngulfing
0.4091,0.1136,0.4773,1.4444,1,0.5351,0.3676,0.0973,0.8687,0,BearishEngulfing
0.0556,0.3889,0.5556,17.0,1,0.8068,0.0909,0.1023,0.2394,0,BearishEngulfing
0.2551,0.3673,0.3776,2.92,1,0.5682,0.2386,0.1932,0.76,0,BearishEngulfing
0.2566,0.1504,0.5929,2.8966,1,0.7902,0.049,0.1608,0.2655,0,BearishEngulfing
0.2439,0.061,0.6951,3.1,1,0.6024,0.1928,0.2048,0.66,0,BearishEngulfing
0.0196,0.4902,0.4902,50.0,1,0.122,0.6585,0.2195,7.2,0,BearishEngulfing
0.0375,0.9375,0.025,25.6667,1,0.7606,0.0704,0.169,0.3148,0,BearishEngulfing
0.0364,0.5455,0.4182,26.5,1,0.16,0.68,0.16,5.25,0,BearishEngulfing
0.4696,0.1652,0.3652,1.1296,1,0.4223,0.4303,0.1474,1.3679,0,BearishEngulfing
0.1887,0.1321,0.6792,4.3,1,0.7273,0.1939,0.0788,0.375,0,BearishEngulfing
0.4831,0.0337,0.4831,1.0698,1,0.9389,0.0,0.0611,0.065,0,BearishEngulfing
0.0351,0.1053,0.8596,27.5,1,0.8456,0.0147,0.1397,0.1826,0,BearishEngulfing
0.6,0.1625,0.2375,0.6667,1,0.9083,0.0625,0.0292,0.1009,0,BearishEngulfing
0.1923,0.7436,0.0641,4.2,1,0.6134,0.3782,0.0084,0.6301,0,BearishEngulfing
0.2698,0.373,0.3571,2.7059,1,0.2794,0.1691,0.5515,2.5789,0,BearishEngulfing
0.1389,0.5833,0.2778,6.2,1,0.3,0.2,0.5,2.3333,0,BearishEngulfing
0.4324,0.3378,0.2297,1.3125,1,0.7903,0.0,0.2097,0.2653,0,BearishEngulfing
0.0172,0.7414,0.2414,57.0,1,0.2281,0.6316,0.1404,3.3846,0,BearishEngulfing
0.0541,0.6757,0.2703,17.5,1,0.92,0.064,0.016,0.087,0,BearishEngulfing
0.1746,0.6825,0.1429,4.7273,1,0.8466,0.1023,0.0511,0.1812,0,BearishEngulfing
0.9739,0.0087,0.0174,0.0268,1,0.8333,0.0926,0.0741,0.2,0,BearishEngulfing
0.4286,0.1746,0.3968,1.3333,1,0.9703,0.0099,0.0198,0.0306,0,BearishEngulfing
0.1667,0.7083,0.125,5.0,1,0.3731,0.0746,0.5522,1.68,0,BearishEngulfing
0.2424,0.0,0.7576,3.125,1,0.5926,0.0494,0.358,0.6875,0,BearishEngulfing
0.5818,0.3545,0.0636,0.7188,1,0.8794,0.0071,0.1135,0.1371,0,BearishEngulfing
0.456,0.1813,0.3626,1.1928,1,0.8686,0.0,0.1314,0.1513,0,BearishEngulfing
0.743,0.2067,0.0503,0.3459,1,0.9174,0.0,0.0826,0.09,0,BearishEngulfing
0.12,0.74,0.14,7.3333,1,0.5,0.129,0.371,1.0,0,BearishEngulfing
0.6849,0.3151,0.0,0.46,1,0.9362,0.0,0.0638,0.0682,0,BearishEngulfing
0.4384,0.4658,0.0959,1.2812,1,0.8133,0.08,0.1067,0.2295,0,BearishEngulfing
0.2,0.5636,0.2364,4.0,1,0.322,0.0,0.678,2.1053,0,BearishEngulfing
0.0206,0.6082,0.3711,47.5,1,0.7703,0.0541,0.1757,0.2982,0,BearishEngulfing
0.2375,0.4875,0.275,3.2105,1,0.8621,0.0,0.1379,0.16,0,BearishEngulfing
0.6699,0.068,0.2621,0.4928,1,0.767,0.1068,0.1262,0.3038,0,BearishEngulfing
0.1644,0.6438,0.1918,5.0833,1,0.3367,0.0102,0.6531,1.9697,0,BearishEngulfing
0.2037,0.0926,0.7037,3.9091,1,0.8391,0.0575,0.1034,0.1918,0,BearishEngulfing
0.537,0.0432,0.4198,0.8621,1,0.6746,0.2823,0.0431,0.4823,0,BearishEngulfing
